text,sentiment_score
【#李克强同志遗体在京火化# 习近平李强赵乐际王沪宁蔡奇丁薛祥李希韩正等到八宝山革命公墓送别。胡锦涛送花圈表示哀悼 李克强同志抢救期间和逝世后，习近平李强赵乐际王沪宁蔡奇丁薛祥李希韩正胡锦涛等同志，前往医院看望或通过各种形式对李克强同志逝世表示沉痛哀悼并向其亲属表示深切慰问】新华社北 ​  展开c,-0.5432532053026564
【#李克强同志生平照片#】中国共产党的优秀党员，久经考验的忠诚的共产主义战士，杰出的无产阶级革命家、政治家，党和国家的卓越领导人，中国共产党第十七届、十八届、十九届中央政治局常委，国务院原总理李克强同志的遗体，于今日在北京火化。李克强同志永垂不朽！↓↓#李克强同志遗体在京火化#(新华 ​  展开c,-0.500244606251145
【#李克强同志遗体在京火化#  习近平等到八宝山革命公墓送别】 O李克强同志遗体在京火化 习近平等到八宝山革命公墓送别 ​,-0.6922228706512856
【#李克强同志遗体在京火化# 习近平李强赵乐际王沪宁蔡奇丁薛祥李希韩正等到八宝山革命公墓送别。胡锦涛送花圈表示哀悼 李克强同志抢救期间和逝世后，习近平李强赵乐际王沪宁蔡奇丁薛祥李希韩正胡锦涛等同志，前往医院看望或通过各种形式对李克强同志逝世表示沉痛哀悼并向其亲属表示深切慰问】@新华社 ​,-0.5012625000000002
#李克强同志遗体在京火化# 李克强同志永垂不朽！ ​,-0.6198024930812688
#李克强同志遗体在京火化# L人民日报的微博视频 ​,-0.5012625000000002
【#中国群众纷纷前往李克强故居献花#】11月2日，中国国务院原总理李克强的遗体在北京八宝山革命公墓火化。大批群众自发前往李克强的童年故居献花悼念，寄托他们的哀思。#李克强同志遗体在京火化##天安门下半旗悼念李克强同志# L今日俄罗斯RT的微博视频 ​,-0.7103754622747417
#李克强同志遗体在京火化# 李克强同志的一生，是革命的一生、奋斗的一生、光辉的一生，是全心全意为人民服务的一生，是献身于共产主义事业的一生。李克强同志音容笑貌犹在，却已天人永隔。泪眼回顾过往，我们永远怀念。 ​,-0.5722238510745092
#李克强同志遗体在京火化# 【李克强同志遗体在京火化 习近平等到八宝山革命公墓送别】（新华社客户端）O网页链接【李克强同志生平】（新华社客户端）O网页链接【李克强同志生平照片】（新华社客户端）O网页链接 ​,0.531587118562224
#李克强同志遗体在京火化#(人民日报) L黄龙检察的微博视频 ​,-0.5833292986698804
#李克强同志遗体在京火化# 李克强同志永垂不朽！ ​,-0.6198024930812688
【#李克强同志遗体在京火化# 习近平李强赵乐际王沪宁蔡奇丁薛祥李希韩正等到八宝山革命公墓送别。胡锦涛送花圈表示哀悼 李克强同志抢救期间和逝世后，习近平李强赵乐际王沪宁蔡奇丁薛祥李希韩正胡锦涛等同志，前往医院看望或通过各种形式对李克强同志逝世表示沉痛哀悼并向其亲属表示深切慰问】新华社北 ​  展开c,-0.5432532053026564
【#李克强同志遗体在京火化# 习近平李强赵乐际王沪宁蔡奇丁薛祥李希韩正等到八宝山革命公墓送别。胡锦涛送花圈表示哀悼 李克强同志抢救期间和逝世后，习近平李强赵乐际王沪宁蔡奇丁薛祥李希韩正胡锦涛等同志，前往医院看望或通过各种形式对李克强同志逝世表示沉痛哀悼并向其亲属表示深切慰问】中国共产 ​  展开c,-0.5711418646210652
【#李克强同志遗体在京火化# 习近平李强赵乐际王沪宁蔡奇丁薛祥李希韩正等到八宝山革命公墓送别。胡锦涛送花圈表示哀悼 李克强同志抢救期间和逝世后，习近平李强赵乐际王沪宁蔡奇丁薛祥李希韩正胡锦涛等同志，前往医院看望或通过各种形式对李克强同志逝世表示沉痛哀悼并向其亲属表示深切慰问】中国共产 ​  展开c,-0.5711418646210652
【#李克强同志遗体在京火化# 习近平李强赵乐际王沪宁蔡奇丁薛祥李希韩正等到八宝山革命公墓送别。胡锦涛送花圈表示哀悼 李克强同志抢救期间和逝世后，习近平李强赵乐际王沪宁蔡奇丁薛祥李希韩正胡锦涛等同志，前往医院看望或通过各种形式对李克强同志逝世表示沉痛哀悼并向其亲属表示深切慰问】 ​,-0.5012625000000002
【#李克强同志遗体在京火化# 习近平李强赵乐际王沪宁蔡奇丁薛祥李希韩正等到八宝山革命公墓送别。胡锦涛送花圈表示哀悼 李克强同志抢救期间和逝世后，习近平李强赵乐际王沪宁蔡奇丁薛祥李希韩正胡锦涛等同志，前往医院看望或通过各种形式对李克强同志逝世表示沉痛哀悼并向其亲属表示深切慰问】中国共产 ​  展开c,-0.5711418646210652
【#李克强同志遗体在京火化# 习近平李强赵乐际王沪宁蔡奇丁薛祥李希韩正等到八宝山革命公墓送别。胡锦涛送花圈表示哀悼 李克强同志抢救期间和逝世后，习近平李强赵乐际王沪宁蔡奇丁薛祥李希韩正胡锦涛等同志，前往医院看望或通过各种形式对李克强同志逝世表示沉痛哀悼并向其亲属表示深切慰问】中国共产 ​  展开c,-0.5711418646210652
【#李克强同志遗体在京火化# 习近平李强赵乐际王沪宁蔡奇丁薛祥李希韩正等到八宝山革命公墓送别。胡锦涛送花圈表示哀悼 李克强同志抢救期间和逝世后，习近平李强赵乐际王沪宁蔡奇丁薛祥李希韩正胡锦涛等同志，前往医院看望或通过各种形式对李克强同志逝世表示沉痛哀悼并向其亲属表示深切慰问】新华社北 ​  展开c,-0.5432532053026564
【#李克强同志遗体在京火化# 习近平李强赵乐际王沪宁蔡奇丁薛祥李希韩正等到八宝山革命公墓送别。胡锦涛送花圈表示哀悼 李克强同志抢救期间和逝世后，习近平李强赵乐际王沪宁蔡奇丁薛祥李希韩正胡锦涛等同志，前往医院看望或通过各种形式对李克强同志逝世表示沉痛哀悼并向其亲属表示深切慰问】中国共产 ​  展开c,-0.5711418646210652
【#李克强同志生平#】详情请看↓ O李克强同志生平 ​,-0.5203041086012951
【#李克强同志生平#】详情请看↓ ​​​  ​​​@人民日报 O李克强同志生平 ​,-0.5203041086012951
【#李克强同志生平#】详情请看↓ ​​​ O李克强同志生平 ​,-0.5203041086012951
【#李克强同志生平#】详情请看↓  ​via新华社 ​,0.5396813281277678
#李克强同志生平# ​,-0.5012625000000002
【#李克强同志生平#】 O李克强同志生平 ​​​,-0.5792065452106521
【中国国务院总理 李克强】生平照片。#李克强同志生平##李克强同志生平照片# ​,-0.6177355174500383
【#李克强同志生平#】详情请看：O李克强同志生平 ​​​,-0.5203041086012951
【#李克强同志生平#】详情请看↓ ​​​O李克强同志生平 ​,-0.5203041086012951
【#李克强同志生平#】中国共产党的优秀党员，久经考验的忠诚的共产主义战士，杰出的无产阶级革命家、政治家，党和国家的卓越领导人，中国共产党第十七届、十八届、十九届中央政治局常委，国务院原总理李克强同志，因突发心脏病，经全力抢救无效，于2023年10月27日0时10分在上海逝世，享年68岁。  ​  展开c,-0.6169101371527866
【#李克强同志生平#】详情请看↓ O李克强同志生平 ​ O李克强同志生平 ​,-0.5494244769392451
#李克强同志生平#详情请看↓（新华社）O李克强同志生平 ​,-0.5366261280263128
【#李克强同志生平#】详情请看↓ ​​​  ​​​,0.5945701907190836
【#李克强同志生平#】详情请看↓O李克强同志生平（新华社） ​,-0.5366261280263128
【#李克强同志生平#】,-0.5012625000000002
#李克强同志生平#详情请看↓  O李克强同志生平 ​,-0.5203041086012951
【#李克强同志生平照片#】详情请看↓ O李克强同志生平照片 ​,-0.5055106130262669
【#李克强同志生平照片#】图片来源@新华社 ​,-0.5106646503106019
#李克强同志生平照片#详情请看↓↓↓ ​,0.5945701907190836
#李克强同志生平照片# 图源：新华社O李克強同志生平照片 ​,-0.6205602075451891
【#李克强同志生平照片#】中国共产党的优秀党员，久经考验的忠诚的共产主义战士，杰出的无产阶级革命家、政治家，党和国家的卓越领导人，中国共产党第十七届、十八届、十九届中央政治局常委，国务院原总理李克强同志的遗体，于今日在北京火化。李克强同志永垂不朽！↓↓#李克强同志遗体在京火化#(新华 ​  展开c,-0.500244606251145
【#李克强同志生平照片#】详情请看↓   via新华社 ​,0.5396813281277678
【#李克强同志生平照片#】 ​,-0.5012625000000002
#李克强同志生平照片# （图片来源：@新华社 ） ​,-0.5106646503106019
#李克强同志生平照片# ​,-0.5012625000000002
中国#李克强同志生平照片# （老友记）L黄龙检察的微博视频 ​,-0.583114728042908
【#李克强同志生平照片#】O李克强同志生平照片 ​,-0.5595004478619618
【#李克强同志生平照片#】中国共产党的优秀党员，久经考验的忠诚的共产主义战士，杰出的无产阶级革命家、政治家，党和国家的卓越领导人，中国共产党第十七届、十八届、十九届中央政治局常委，国务院原总理李克强同志的遗体，于今日在北京火化。李克强同志永垂不朽！↓↓#李克强同志遗体在京火化#(新华 ​  展开c,-0.500244606251145
#李克强同志生平照片# ​,-0.5012625000000002
#李克强同志生平照片##李克强同志生平#（图片来源：@新华社 ） ​​​,-0.5106646503106019
【#李克强同志生平照片#】详情请看↓  ​O李克强同志生平照片 ​,-0.5055106130262669
【#李克强同志生平照片#】详情请看↓ （新华社） ​​​O李克强同志生平照片 ​,-0.5227812967195585
【#李克强同志生平照片#】  O李克强同志生平照片 ​,-0.5595004478619618
#李克强同志生平照片#一张张、一幕幕，记心头…… ​,-0.5635481500113237
#小鹏G6销量第一##小鹏G6#又双叒叕上榜了！10月蝉联20万以上中国品牌纯电SUV榜首！谢谢大家的喜爱，我们将坚持技术引领！智驾之王小鹏G6将持续领跑中国智能纯电SUV！ ​,0.7127892898854062
这两天一直在试小鹏北京的XNGP，高速城区都有。有很多惊喜，看视频和真实坐在车里的感受完全不一样，建议大家一定要亲自试试小鹏10月交付了20000多台，评论区有木有提车的#小鹏G6销量第一# L姚昱-的微博视频 ​ O抽奖详情 ​,0.6337381886669303
#小鹏G6销量第一#20-25万级唯一可以提供“大空间+高智能+超快充”的智能电动产品。大空间:4.7米级中型SUV最大空间体验，头部，腿部空间阔绰舒适，甚至还可以随时躺平，睡上一觉。高智能:截止目前唯一量产城市区域无图智能驾驶体验的产品。超快充:800V超快充实现10分钟补能300公里，20分钟充满10 ​  展开c,0.6907278962241828
小鹏昨天公布10月交付破2万台，其中我同款的小鹏G6交付8741台，毫不意外的又一次拿到了20-25万纯电SUV月销量榜首，#小鹏G6销量第一# 的地位还是稳稳的！最近几天开在路上碰到了不少G6车主，看来小鹏G6产能交付提升速度很快！从体验方面来说，作为G6车主能给它打个9分，不错的XNGP智驾+泊车体验，加上 ​  展开c,0.5179045759381484
#小鹏G6销量第一#路过，小鹏太厉害了 ​,0.6102284837861988
#小鹏G6销量第一#哦哟， 太厉害了吧，牛牛牛！ ​,0.5351097733265422
#小鹏g6销量第一# 好好好好好好好好好🐮,-0.5074741945234844
#小鹏G6销量第一#跟海豹比哪个更好开？我觉得海豹还挺好看，周围都是。 ​,0.5035629646206851
#小鹏G6销量第一#哇这么棒我也来凑凑热闹 ​,0.6599488824053714
小鹏 G6 是 20 万以上国产纯电 SUV 的第一，证明了 G6 确实满足了很多人对于智能电动汽车的期望。如果说定语的话，其实我觉 20 万以上以及纯电的定语都很合理，只是完全没必要用中国品牌把 Model Y 卡出去，因为从实力上来看这个榜单里的大部分车型都比 Model Y 更强，只是 Y 的品牌红利依然在，祛魅 ​  展开c,0.5599663053018116
#小鹏G6销量第一#一堆定语10月+20以上+国产+纯电+suv ​,-0.7568443927900359
小鹏负责媒体的漂亮小姐姐给我发了9、10月的榜单，问我这个G6车主怎么看。我看了的第一感觉：这榜单定语有点多然后我感觉自己可能过于耿直了，于是帮小鹏拆解分析了一下：“20万以上”是为了规避比亚迪元、宋，深蓝S7，埃安Y。这个没毛病，毕竟价位差距太大。“纯电动” ​  展开c,-0.6682350043690735
#小鹏G6销量第一#小鹏G6到底怎么样？带你沉浸式体验一下！ L戎车筱翼的微博视频 ​,0.7194997484036445
【#李佳琦直播间疑为冲销量未付先送#！ 双十一忙中出错还是用力过猛？】#媒体评双11是否真低价#随着预售订单开启尾款支付，本届双十一物流进入高峰。蓝鲸记者了解到，由于各环节都在争抢速度，今年双十一订单“当天达”、“隔日达”的情况屡见不鲜，与此同时，也有部分消费者意外遭遇“未付先送”，质 ​  展开c,-0.7978784853086673
【#淘宝客服回应未付先送#：或为商家提前安排发货，若不想要可申请退款】#物流行业人士回应未付先送# 11月3日，有媒体报道称，#李佳琦直播间疑为冲销量未付先送# 。据消费者称，在李佳琦直播间下单了珀莱雅，付了定金但还没付尾款，但一早快递就来派送啦。消费者质疑是否系品牌或平台为冲销量有意为之 ​  展开c,-0.53978417585217
#李佳琦直播间疑为冲销量未付先送#笑鼠我了，这不是商家的事吗，咋啥都得带李佳琦，快递送的快了也不行，慢了也不行，事真多 ​,-0.6713873573844832
#李佳琦直播间疑为冲销量未付先送#这是怕退款吧？不得不说今年的快递配送速度比往年又快了，当天拍的东西，第二天早上就送达了……你们已经收到几个快递了？ ​,-0.525403222666818
#李佳琦直播间疑为冲销量未付先送#这种集中支付尾款会导致短期流量压力暴增，为提升大促消费体验，会选择对预售进行预包，即提前把货发到各地市的集中仓提前打包，待用户支付完尾款后快速发货。但先送货后收尾款肯定不符合流程，会带来额外风险。 ​,-0.546890992175037
#李佳琦直播间疑为冲销量未付先送#李佳琦是真牛呀，双十一的快递真快，八点付尾款，十一点就送到，是怕我退货吗，都不给我退货的机会。 L触碰过魔法的微博视频 ​,-0.8099814368337959
#李佳琦直播间疑为冲销量未付先送#感觉互联网真神奇，前几天骂李佳琦的架势还以为再也没人去他直播间买东西了 ​,-0.6558598181569737
#李佳琦直播间疑为冲销量未付先送#这个双十一真的挺热闹的，🍑狗东某音大乱战，看表面是主播之间的矛盾，其实背后都是平台之间的博弈。就拿这个事情来说，跟李佳琦有什么关系？不是商家的问题吗？但是网友怎么能分得清呢？骂李佳琦就对了，能影响🍑直播我的任务就完成了。 ​,-0.7323757344342381
#李佳琦直播间疑为冲销量未付先送#你都付定金了，不就是想要了吗，先收到还不好吗？物流慢也说，快也说，问题是这事怎么又扯上李佳琦了？ ​,0.5321750704602998
#李佳琦直播间疑为冲销量未付先送#风向变了，大家都开始帮李佳琦说话了 ​,-0.6975811649249736
#李佳琦直播间疑为冲销量未付先送# 笑死了，说什么都要带他的。为什么别人都没错，只有他的错了啊？？我买的东西怎么不给我先送呢！！！找找自己的原因有没有好好审核，别什么都怪商家 ​,-0.7551255994803162
#李佳琦直播间疑为冲销量未付先送#这个他有啥关系，不是大家都惯用的套路嘛 ​,0.6491914574067345
#李佳琦直播间疑为冲销量未付先送#艾玛  牛要么飞，要么堕落，这是展翅的规则 ！不管是友情还是爱情，你来，我热情相拥。你走，我坦然放手 ​,-0.628650379264618
#李佳琦直播间疑为冲销量未付先送#这些年双十一都是这样操作的吧 突然开始黑也没必要,-0.7284448187905173
#张小寒爆料王鸥还有一两个月就生了# #六公主公开处刑侯雯元# #李佳琦直播间疑为冲销量未付先送#,-0.5012625000000002
#李佳琦直播间疑为冲销量未付先送#关你们什么事啊！咸吃萝卜淡操心 ​,-0.5969811286186784
#李佳琦直播间疑为冲销量未付先送#这不是商家发货物流神速吗？咋啥都李佳琪的问题。。消费者早早收到想要的东西，不是应该挺好吗，早到早用，不喜欢早退货。反正七天无理由加运费险。。 ​,-0.702719791453206
#李佳琦直播间疑为冲销量未付先送#整个平台都这样吧，都是到当地的快递仓放着了 ​,0.5235423818785205
#李佳琦直播间疑为冲销量未付先送#！【#淘宝客服回应未付先送#：或为商家提前安排发货，若不想要可申请退款】11月3日，有媒体报道称，李佳琦直播间疑为冲销量未付先送 。据消费者称，在李佳琦直播间下单了珀莱雅，付了定金但还没付尾款，但一早快递就来派送啦。消费者质疑是否系品牌或平台为冲销量有意 ​  展开c,-0.5518465372092312
#李佳琦直播间疑为冲销量未付先送# 咱能不能不带李佳琦了物流前置不知道啊未付先送不就是物流或者商家的锅吗 ​,-0.657707719460322
#李佳琦直播间疑为冲销量未付先送#真的什么事都能扯李佳琦头上李佳琦没有赚你们一分钱吧 我们粉丝自愿掏腰包买单 不买的人不花钱的人就喜欢在网络上当键盘侠是吧？ ​,-0.6858636971575728
【#重庆女生上下班坐14次扶梯获公司补贴#，网友：这泼天的富贵什么时候轮到我】重庆一女生分享自己最近收到的“意外之财”，起因是女生就职的公司最近搬至中国最深地铁站——红岩村地铁站附近，该站高低落差近40层楼，每天上下班进站出站共需乘坐14次扶梯，导致大家通勤时间大大增加，公司便决定设立通 ​  展开c,-0.5263642474945117
#重庆女生上下班坐14次扶梯获公司补贴#这女生真是享福，她的公司也太好了吧，为员工考虑得如此周到，如此泼天富贵什么时候到我这里呀。羡慕嫉妒恨。 ​,-0.5739897389282214
#重庆女生上下班坐14次扶梯获公司补贴#  重点是重庆这个地铁站落差近40层楼，不愧是重庆 ​,0.5321177784245977
重庆的地下都被挖空了，生活在重庆是怎样的体验？#重庆女生上下班坐14次扶梯获公司补贴##重庆地下被挖空了# L90后的微博视频 ​,0.6043936847296401
#重庆女生上下班坐14次扶梯获公司补贴#看到这里，我感觉这个公司关心员工很细心，而不是搞表面工夫而已。 ​,0.5408355007952863
#重庆女生上下班坐14次扶梯获公司补贴#【优质简历的9个细节】秋招进行时，一组简历优化小建议：①不要一张简历走天下，人岗匹配很重要。②字数不是越多越好，重点内容宜前置。③设计不要太花哨，简洁明了最有效。愿你早日收获心仪的offer！（人民网微博） ​​​,0.7938588657988468
#陕西重庆连起高速公路新通道#【关于重庆，你印象最深刻的是什么？】#西安日均下降8到10℃##重庆女生上下班坐14次扶梯获公司补贴#   ​​​ 关于重庆，你印象最深刻的是什么？ ​​​,0.6029922368705477
#重庆女生上下班坐14次扶梯获公司补贴#请问一下这个公司还要人吗 ​,-0.7319369411771822
#重庆女生上下班坐14次扶梯获公司补贴#明明是晒个幸福，居然这个地铁站我没去过，又想去重庆走一趟了啊 ​,-0.6473672920392495
#重庆女生上下班坐14次扶梯获公司补贴#我天呢 尊嘟假嘟 ​,0.7331914625192121
#重庆女生上下班坐14次扶梯获公司补贴#这个公司真的实实在在的给公司福利了，而不是搞虚无缥缈的表面工作，不过我真的好向往重庆啊，一直说去都没去，真的要找时间五溜达溜达 ​,-0.5024818543996376
#重庆女生上下班坐14次扶梯获公司补贴#有的公司老板从来不看新闻 ​,-0.6142952348166406
#重庆女生上下班坐14次扶梯获公司补贴# 重庆？哦，那不奇怪了 ​,0.546434177731792
#重庆女生上下班坐14次扶梯获公司补贴#再也不是100块的交通补贴了嘛 ​,-0.8189365507439782
#文班亚马太夸张了# 太夸张了，你往天上抛，绝对能接着 这一场几个空接了..#谁能防住文班亚马# #马刺怎么投怎么有# L咪咕篮球的微博视频 ​​​,-0.7027896709238421
文班亚马刷新生涯最高：38分10篮板2助攻1抢断1盖帽15-26 ｜三分3-6 ｜罚球5-6真馋人啊天赋！ #文班亚马太夸张了# ​,-0.5648729404303157
文班亚马轰下38分10板2封盖，率队击败太阳！ #文班亚马太夸张了# ​​,0.5643786231549027
感受下什么叫天赋！文班亚马今天面对太阳的集锦！全场26中15，三分6中3，罚球6中5，拿下38分10篮板2助攻2盖帽，第四节最后连拿5分杀死比赛！这只是他的第五场比赛！#文班亚马38分##马刺战胜太阳# #文班亚马太夸张了# L篮球大历史的微博视频 ​,-0.6077026483502482
【文班亚马38分个人集锦】马刺球员维克托-文班亚马出战34分钟，26投15中，其中三分球6投3中，罚球6投5中，得到38分10篮板2助攻1抢断2封盖。NBA球队重建完全就是看命啊🍋#文班亚马38分##文班亚马太夸张了##马刺vs太阳# L休斯顿火箭篮球的微博视频 ​,-0.7180351047641977
文班亚马38分了为什么为什么 你不是20年参加选秀 #文班亚马太夸张了# ​,0.5564981993814986
太阳连续两场成为马刺和文班的背景板，一场领先20分被大逆转，一场落后27分追平但功亏一篑。NBA赛场一切皆有可能，这场集合了太多因素。开场复出的布克低效，太阳自己懵逼，单节失误成吨+马刺神准，立刻栽进20分大坑。后续双方展开对攻，马刺在瓦塞尔伤缺的第三节火力下滑，但末节被追平后又迎来了超 ​  展开c,-0.6378586094774894
文班亚马对位杜兰特拿下38分10篮板，帮助马刺三天内两次战胜太阳#文班亚马38分# #文班亚马太夸张了# ​,-0.6083257031448883
#文班亚马38分#如同天上降魔主！文班亚马全场砍下38分10篮板2助攻1断2帽更多NBA讨论：O网页链接虎扑11月3日讯 今天NBA常规赛马刺客场对阵太阳的比赛已经结束。全场战罢，马刺以132-121战胜太阳。本场比赛，马刺球员维克托-文班亚马出战34分钟，26投15中，其中三分球6投3中，罚球6投5 ​  展开c,-0.5201938654199799
文班亚马今天有多夸张，请看大屏幕#文班亚马太夸张了# L王小愚儿的微博视频 ​,-0.5435021674072424
【文班38+10！马刺双杀太阳！】NBA常规赛，马刺客场132-121力克太阳！#文班亚马38分#10篮板，科林斯19分8板4助，瓦塞尔17分，索汉14分5板9助；布克31分9板13助，杜兰特28分6板，阿伦16分4助。#文班亚马太夸张了# #马刺双杀太阳# ​,-0.5507418197082649
#文班亚马太夸张了#哈哈哈昨天播音部训练还念了这段 ​,0.5440276446203427
杜兰特：完了！我成小文班了？美网友晒杜兰特与文班身材对比照#杜兰特对位文班亚马##文班亚马38分##文班亚马太夸张了# ​,-0.5225507523368207
文班亚马这天赋太夸张了，这球明明给大了，他硬是给你救回来#文班亚马太夸张了##文班亚马38分# L篮球图集的微博视频 ​,-0.8160673939038067
【文班38分集锦】马刺球员维克托-文班亚马出战34分钟，26投15中，其中三分球6投3中，罚球6投5中，得到38分10篮板2助攻1抢断2封盖。文班亚马成为詹姆斯和杜兰特后，历史第三位在20岁之前砍下38分10篮板2盖帽的球员。杜兰特曾单场25中18，得到42分13篮板6助攻1抢断2盖帽。詹姆斯曾单场24中13，得 ​  展开c,-0.6181572410387011
#文班亚马太夸张了#都说他像杜兰特，你们不觉得和麦迪也很神似吗，特别是往回倒着跑的时候。 ​,-0.5469926530547908
#文班亚马太夸张了# 理性讨论：文班亚马的上限是什么级别的球员？a：乔丹级别 文班亚马会成为GOATb：詹姆斯 文班会成为联盟下一个门面c：科比 邓肯 下一个历史前十d：杜兰特 库里 超巨e：保罗 哈登 威少 无冕之王f：其他，评论区聊聊文班亚马26投15中砍生涯新高38分，第四节连拿10分顶住压力 ​  展开c,-0.5971525362963439
#文班亚马太夸张了#这一点都不像个新秀 ​,-0.5745180806621533
#文班亚马太夸张了#文班亚马是未来的巨星吧。他这个也太夸张了吧，。。。。。 ​,0.5407402550237669
#高叶30秒预告换了8套造型##高叶一人分饰多角#如何铸就一个角色？或许每个演员都是自己的导演！@高叶ChLoe 携手导演@钱宁黄Channing、特别出演@袁文康 合作短片《最美的表演》预告公开！叶子如何将“乃瑛”精准拿捏，正片见！ L最美表演的微博视频 ​,0.8145937369973071
#高叶演绎演员的多重宇宙##高叶平行时空吻戏# @高叶ChLoe 《最美的表演》剧照曝光。内心丰富的演员总能够赋予人物灵魂与生命力，让角色变得更加立体。来和高叶一起进入她心中“乃瑛”的多重世界。#最美表演# ​,0.6017456091728851
高叶#高叶演绎演员的多重宇宙# 细微之处，感无不通，穿行多重宇宙，解锁全新人生。来#最美表演# 和叶Sir@高叶ChLoe 一起坚守本心 ​,0.7338583944234692
胡歌在最美表演里再一次展示了作为演员的多面性，说话又损又娘的售票员，被通缉的逃犯周泽农，车站里惨兮兮的旅客，简单的台词和动作神情，胡歌演出了三段不同的人生，周泽农的前世今生。十年光影情长，表演永不退场！期待胡歌带来更多的优秀作品#胡歌##最美表演##胡歌最美表演# ​,0.7124419939403449
#钟汉良电影困兽# 英姿飒爽的小哇#最美表演#,-0.609415801574588
肖战 优秀青年演员肖战买耳朵和家规、都是我喜欢的、自然灵动送上@X玖少年团肖战DAYTOY 的祝福，期待#最美表演# 带来更多最美的呈现！ L肖战工作室的微博视频 ​​​,0.879718176876723
#天猫双11更便宜##最美表演#点击此处，每天领取大额红包👇👇👇,0.7393144715597805
今天没领🧧的朋友抓紧领啦！现在可领超大🧧 ↓↓ #最美表演##中超共创新未来#,0.5396060387690449
#最美表演#我来看看👀 ​,0.7034641700379466
#最美表演#美 ​,-0.5012625000000002
#最美表演#嗯嗯我也来看看 ​,-0.5012625000000002
#高叶演绎演员的多重宇宙##高叶平行时空吻戏#@高叶ChLoe 在#最美表演#正片中的表现再一次证明了姐姐的可塑性，小美也特别好奇姐姐是怎么做到每一个造型都这么美的更重要的是…小美还有隐藏剧照等待艾叶们解锁哦！,0.687997130335639
高叶#高叶# X#最美表演# 摄影：田匡国（YOUNGCHIC ） ​,0.738866989361481
【投资有风险！#男子100万投资电影亏了96万#】此前，江苏的小孙通过某影视公司的宣传营销，花了100万元购买了一部电影2.63%的投资权和收益权。原本以为电影上映后能赚大钱，结果最终却因为票房不佳，影视公司告知小孙只能分到4万余元，这让小孙难以接受，认为合同中存在欺诈，于是将影视公司告上法庭。 ​  展开c,-0.5622004298805874
投资有风险，入市需谨慎。#男子100万投资电影亏了96万# ​,-0.5831413314382766
#男子100万投资电影亏了96万#搜了一下，是《通往春天的列车》总票房才320万 ​,0.6151107337335968
#男子100万投资电影亏了96万#电影水很深，这是普通人能玩明白的嘛？好电影能让你上车？ ​,-0.7329236290290199
投资电影，这真的是智商税#男子100万投资电影亏了96万#有人花了100万元购买了一部电影2.63%的投资权和收益权，原本以为电影上映后能赚大钱，结果最终却因为票房不佳，1.没有流量演员2.不是情怀3 没有资本4没钱买广告，最后。影视公司告知小孙只能分到4万余元。就不能先看看华谊兄弟的股价吗？从20 ​  展开c,-0.5188214402403183
#男子100万投资电影亏了96万# 这哥们太天真了吧 ​,-0.5450078522372439
#男子100万投资电影亏了96万#一起来学法 ​,0.5449013315732354
其实，我有个梦想就是当编剧当导演拍电影只能算其一，我更想拍短视频，搞钱那种，做自媒体，在短视频平台上。我也一直在打造短视频内容创作团队，可惜我没钱，有谁来给我投100w，也不一定要花100w，但是要有这个钱，做啥才有底气。有钱，我才好找人，才能试错。#男子100万投资电影亏了96万#  ​  展开c,0.5372018696385756
#备战公考# （类比推理）投资∶风险∶收益  #男子100万投资电影亏了96万# 类比推理—联考题 ​,0.552584415328204
#男子100万投资电影亏了96万#有风险啊 自己涉及不到的领域还是少去尝试吧 亏这么多如果只是有钱随便玩玩当我没说 ​,-0.512868794182395
#男子100万投资电影亏了96万#电影投资水很深的，有些电影的出发点不一定是赚钱。 2上海 ​,-0.5366279727980131
#男子100万投资电影亏了96万#不懂的行业谨慎投资啊 ​,-0.5931230478095262
#男子100万投资电影亏了96万# 投资有风险啊！投钱需谨慎！ ​,-0.6381947774403186
#男子100万投资电影亏了96万#这个还不多，还有投完钱继续卖房追加的，结果全赔，家破人亡……非行内人还是轻易不要投电影，水很深 ​,-0.6286417434100393
【#巡视组回应天津助学金事件#】近日，天津一高校学生发布多条网络视频，称在助学金评选中遭遇不公对待，引发大量网友关注。发布视频的学生称: 自己是孤儿，却在班内困难生助学金评定时落选，而评上的学生中有的平日有高消费行为。11月3日，河北广播电视台记者致电天津市委巡视八组了解最新情况，工作 ​  展开c,-0.5820403411780088
助学金就是个笑话，总有混子混到，真正的人望眼欲穿,-0.5061455437362358
分享图片 ​,0.7266491921334192
一名大学生走到举报老师这一步，该需要多大的勇气？…他不是勇敢才站出来的，他是不勇敢就不能生活#助学金事件当事人称已搬离宿舍# #巡视组回应天津助学金事件# L晓磊的微博视频 ​,-0.5305973865921977
【#助学金事件学生回应被指有高消费#：买的二手电脑 平板系攒钱购入】#当事人称学校已承诺评二等助学金#近日，一名自称天津中德应用技术大学的学生实名举报学校助学金分配不公，引发关注。据当事同学小苏表示，2日下午学校有关部门已联系他了解情况，承诺给他评定国家二等助学金（3000元左右），并调查 ​  展开c,-0.8416083349912896
#巡视组回应天津助学金事件#高校的通报我是不信。但我想不通那些有钱有势的为什么要抢贫困生的助学金，他们又不缺钱，到底是什么心理？高校成立联合调查组，不是自己罚自己吗 ​,-0.6631089736408701
#巡视组回应天津助学金事件#个人认为主要是学生素质不高。辅导员不作为懒得管，搞一个投票？这玩意投谁家穷吗？ ​,-0.7280230079425996
#巡视组回应天津助学金事件#2023年了 终于能摆在明面上说了 ​,-0.6708821683415075
#巡视组回应天津助学金事件#事后在这学校里也待不下了 ​,-0.6637190248186635
#巡视组回应天津助学金事件#可怜的娃，可以考虑去大学生应召入伍，近视眼手术有补贴，大学学  费全免还有各种福利金。明年入伍，避避当下风头，等两年后退伍，同届同学都毕业了，也清静一点。加油啊 ​,-0.6768487544317403
【#巡视组回应天津助学金事件#】近日，天津一高校学生发布多条网络视频，称在助学金评选中遭遇不公对待，引发大量网友关注。发布视频的学生称: 自己是孤儿，却在班内困难生助学金评定时落选，而评上的学生中有的平日有高消费行为。11月3日，河北广播电视台记者致电天津市委巡视八组了解最新情况，工作 ​  展开c,-0.5820403411780088
【#巡视组回应天津助学金事件#】近日，天津一高校学生发布多条网络视频，称在助学金评选中遭遇不公对待，引发大量网友关注。发布视频的学生称: 自己是孤儿，却在班内困难生助学金评定时落选，而评上的学生中有的平日有高消费行为。11月3日，河北广播电视台记者致电天津市委巡视八组了解最新情况，工作 ​  展开c,-0.5820403411780088
#巡视组回应天津助学金事件#这种情况各地都有，只是有没有勇气曝光而已，#天津巡视组# 只要专注一下，很快就会捋顺捋顺教育机构的大小腐败现象。 ​,-0.6201594968915705
【#巡视组回应天津助学金事件#】近日，天津一高校学生发布多条网络视频，称在助学金评选中遭遇不公对待，引发大量网友关注。发布视频的学生称: 自己是孤儿，却在班内困难生助学金评定时落选，而评上的学生中有的平日有高消费行为。11月3日，河北广播电视台记者致电天津市委巡视八组了解最新情况，工作 ​  展开c,-0.5820403411780088
#含有肽字的护肤品 智商税#关于市面上一切含有“肽”字的护肤品，简单地说，是这么个事儿：人体，是动物界持续进化6亿年的杰作，肠道专门用来吸收营养，但它不肯吸收绝大多数的肽；皮肤专门用来隔绝外界物质，效果好到你泡澡都会口渴。所以居然有人在吹，说连肠子都吸收不了的东西，他的脸皮却能吸 ​  展开c,-0.689775306817368
长期坚持一件事量变引起质变，做好基础护肤就很有用。以及放平心态，人总会老去，太执着老得更快。,-0.6601235717797593
我也觉得好假 说什么深入皮肤底层  怎么可能呢 表面护理还是可以的,-0.653171962470874
#含有肽字的护肤品 智商税# 关于胜肽我的微博内多年前有介绍过，感兴趣可以在我的微博内搜索。先说结论，大部分添加胜肽的护肤品只是一个噱头，没有实际作用；少部分可能有一定作用，但是涂抹类的护肤品作用都非常有限。就像我一直强调皮肤需要的是“保湿”而不是“补水”，因为皮肤是防水的，不仅 ​  展开c,0.506418218549348
【#你买过含有肽字的护肤品吗#】#含有肽字的护肤品 智商税# 你买过含有肽字的护肤品吗 ​,-0.5481050225071987
怎样选出最适合自己的？戳图↓教你选对护肤品，转给爱美的TA！ ​​​#含有肽字的护肤品 智商税# ​,0.6201027605299008
#含有肽字的护肤品 智商税# ​,-0.5012625000000002
#含有肽字的护肤品 智商税#这准吗，感觉已经踩过坑了 L橘子只要136g的微博视频 ​,-0.5727319857229036
#含有肽字的护肤品 智商税#以我这些年护肤经验来说，想要快速见效改变肌肤状态的，一律去做医美。个护帮助不大，医美才是王道。但几乎所有医美，都不可能一步到位，也不可能永远有效；不仅如此，还会有依赖性，部分还会产生副作用。此外，个护跟医美的价格，基本上是天差地别。买个护，两千 ​  展开c,-0.6130654652570718
#含有肽字的护肤品 智商税#护肤品中尽量避免的成分，越早知道越好，避免踩坑！#兔砚# L兔砚的微博视频 ​,-0.5487636002294578
#含有肽字的护肤品 智商税# 每次看到“让皮肤吸收”“肌肤喝饱营养”怎么怎么样，我就……九年义务教育学好是有必要的，不然人还以为靠皮肤吸收呢…，人体已经进化了，人脑也需要跟上，来看科普 Lwhy-甜份加毅的微博视频 ​,-0.5330567422939247
#含有肽字的护肤品 智商税#大部分坚持每天做美容的女人看着确实比同年龄的女人皮肤好一点，其实是因为长期坚持一件事量变引起质变，做好了基础护肤。但是还是要放平心态，人总会老去，太执着与这个老得更快。 ​,-0.6778081609557779
#含有肽字的护肤品 智商税#好好睡觉别熬夜比啥都强 ​,-0.7716262813703239
#含有肽字的护肤品 智商税#但是我去年买的bly 的h宝石确实好用…今年试了试小蜜罐用的难受又换回了h宝石 ​,0.5260267430722679
#含有肽字的护肤品 智商税#【学到了！优质简历的9个细节】秋招进行时，一组简历优化小建议：①不要一张简历走天下，人岗匹配很重要。②字数不是越多越好，重点内容宜前置。③设计不要太花哨，简洁明了最有效。愿你早日收获心仪的offer！（人民网微博） ​​​,0.7938588657988468
【干货】新手化妆基础，化妆色彩与亚洲审美的培养！！！ #含有肽字的护肤品 智商税##化妆必修课# L化妆必修课的微博视频 ​,0.5577011847898494
#含有肽字的护肤品 智商税#缺乏相关知识，也不懂得信息检索的人很多，这不能怪普通消费者“清澈的愚蠢”吧？我买个商品，最省时省力的不就是看宣传。难道还得研究相关知识，读行业典籍，打破信息茧房，做基础调研么规范行业标准，和宣传术语才应该吧，别对普通消费者要求太高好吧，管管售卖，宣 ​  展开c,-0.7148176180730625
#含有肽字的护肤品 智商税#已经不知道说的什么了 ​,-0.5012625000000002
#含有肽字的护肤品 智商税#护肤品的坑真的太多了 ​,-0.6732206309943133
旭哥经常和大家聊空间，很多朋友不了解什么是空间对于主力而言，想要获利出局，要有足够多的安全空间，很多时候大家只会盯着短期的一日两日的波动，太局限了当底部放量 主力大资金拿到了筹码后没有空间的兑现，那就守好自己的廉价筹码即可价格的波动很正常，理解了空间，你就不会太在意一点点日 ​  展开c,-0.5496504780219004
【困难生举报舍友评上助学金  学校已成立专班调查核实 #助学金事件当事人称已搬离宿舍#】近日，天津中德应用技术大学在读学生小苏持续发布的有关“孤儿申请贫困助学金不成反遭欺辱”“实名举报贫困生评定舞弊”等视频引发热议。小苏称班内困难生助学金评定时，他作为“孤儿”未获得，而评上的学生中有 ​  展开c,-0.6697196266390514
分享图片 ​,0.7266491921334192
【#巡视组回应天津助学金事件#】近日，天津一高校学生发布多条网络视频，称在助学金评选中遭遇不公对待，引发大量网友关注。发布视频的学生称: 自己是孤儿，却在班内困难生助学金评定时落选，而评上的学生中有的平日有高消费行为。11月3日，河北广播电视台记者致电天津市委巡视八组了解最新情况，工作 ​  展开c,-0.5820403411780088
#助学金事件当事人称已搬离宿舍#现实中孤独的勇者，网络中激起的了一波浪花。我们都知道，最后也仅仅是浪花而已。 ​,-0.5727693429494961
真的贫困生眼里3000元代表什么？代表中大学一年的学费，或者家里一年的伙食费。#助学金事件当事人称已搬离宿舍# #举报助学金被挤男生让网友别转钱了# ​,-0.6276078280507277
【#高校学生举报助学金被挤事件最新进展#当事人称学校承诺给他评二等助学金3000元左右，并已搬离原宿舍】近日，一名天津中德应用技术大学的学生实名举报学校助学金分配不公，称名额被舍友挤占，引发热议。该学生表示，2日下午学校有关部门已联系他了解情况，承诺给他评定国家二等助学金（3000元左右） ​  展开c,-0.796175984734042
【#助学金事件当事人称已搬离宿舍#】一名大学生走到举报老师这一步，该需要多大的勇气… #男子举报助学金被挤事件最新进展#L长春西门大官人的微博视频 ​,-0.5305973865921977
#助学金事件当事人称已搬离宿舍#现在很多事不就是这样吗？大家都在做，但你不能说，说了就是打破潜规则，动了很多人的蛋糕，以后的路不一定好走啊有很多真正需要帮助的人反而得不到帮助，因为帮扶的钱流到了本不该得到的人口袋里，不止学校助学金，还有这筹那筹的也是重灾区。 ​,-0.6406493336602322
“你可以躲在角落选择沉默，但不要嘲笑甚至诋毁敢于发声的人，因为他们争取的阳光也会照到你身上”希望他能顺利毕业#助学金事件当事人称已搬离宿舍# ​,0.6076828749940835
#助学金事件当事人称已搬离宿舍#看这个视频都不是味，爷爷奶奶养大的孤儿，18岁还是高中生就成了户主，还是低保户，命运对有些人实在是有点太过残酷了。 L大漂亮傻事的微博视频 ​,-0.8461848374720231
#助学金事件当事人称已搬离宿舍#北京政法是以男生退学为结果。助学金还没结果，但男生已经被排挤出宿舍。优秀！ ​,0.5234019868455869
#助学金事件当事人称已搬离宿舍# 在网上又看到了其他知情人的说法，不知道真伪，发出来算是兼听。如果这个是真的，那可以看出没有给他助学金是有原因的。家庭贫困是一回事，个人品德也很重要，这也是助学金的导向问题。如果朱同学真是如此脏话满腹，专门针对其他同学，那就知道为什么有这个局面了。 ​,-0.8098010825390569
#助学金事件当事人称已搬离宿舍#学生，人才，可以说是我们祖国的未来啊，真不敢想象，如果学校变成这样，学生也“贪污受贿”，我们的祖国以后将是怎样 ​,-0.6275425048738353
#助学金事件当事人称已搬离宿舍#举报的就是同宿舍的人，正常的处理就是先把当事人先调到其它宿舍，以免同宿舍的人发生冲突，这个学校不知道在干嘛，搞得当事人只能去睡网吧，显然是想把人逼走结案。 ​,-0.8112311092497037
#助学金事件当事人称已搬离宿舍#来给点热度吧…… ​,0.5500856612811409
图一是获得助学金的同学们说的话图二是没有获得助学金的同学说的话#助学金事件当事人称已搬离宿舍# ​,0.5652008987218128
#助学金事件当事人称已搬离宿舍#他很勇敢，讲的也是事实，太普遍了！ ​,-0.7140985090258811
#助学金事件当事人称已搬离宿舍#看到有评论说朱同学被老师校长特别“关照” 就算是真的也一点也不意外 我想到我大学时因为被新宿舍孤立 去找辅导员换宿舍 辅导员不理 去找班主任 班主任不理 逼得我只能去找书记 巧的是在我询问书记换宿舍进展的第二天 我们辅导员就“贴心”地打来了电话 询问我的成绩  ​  展开c,-0.7716541933027469
#助学金事件当事人称已搬离宿舍# 当一个人说出，我只能跟你赌命的时候，他真的是要拼了 L寒寒综艺娱乐的微博视频 ​,-0.7156087516294363
#向太 今早李连杰还和我请安啊##向太辟谣李连杰去世# 11月3日，网传#李连杰#去世，引发热议。刚刚，@向太Tiffany陳嵐 发微博辟谣，她写道：“你到底死了多少回？又传你走了！今早你还和我请安啊！” ​​​,-0.8310365401053512
@李连杰 你到底死了多少回？又传你走了！今早你还和我請安啊！🤣“无无明，亦无无明尽，乃至无老死，亦无老死尽。你新📕出了，说明你已经超越了生死！别介意人家乱传谣言了好吗？ ​,-0.6305987322231215
握草，我刚才看成了@李杰灵 你到底死了多少回？我说向太啥时候和李杰灵联系上了,-0.7856295950897628
向太陈岚帮李连杰辟谣，说李连杰今早还给她请安来着 #向太辟谣李连杰去世# ​,-0.667607988478161
#向太辟谣李连杰去世#李连杰和向太关系挺好的感觉，上次也发生过这个事情还是李连杰亲自提的。 L楠楠每天都要开心的微博视频 ​,-0.5790740553270382
去年李连杰老师参加活动感觉状态很不错呀！只不过不是记忆中那个样子了！你觉得李连杰老师60岁的状态怎么样？#向太辟谣李连杰去世# L酒徒回来啦的微博视频 ​,0.5699168761027785
#向太辟谣李连杰去世#造谣别人去世，什么缺德的人 请安？不愧是一件衣服二十多万的，一般人都得请安问好以示尊重，老佛爷好L骑着狮子私奔的微博视频 ​,-0.5824460837394265
#向太辟谣李连杰去世#可以不喜欢，但是，不要造谣！另外，现在还流行请安吗？ ​,0.711467978328969
#李连杰# 说李连杰去世的是一个野鸡外国网站，大概率是假的。不过李连杰这两年身体不大好是真的。信佛也没让他身体好些。#向太辟谣李连杰去世# ​,-0.7466760523269975
#向太辟谣李连杰去世#请安？？她怎么每次都要流露出一种高高在上的姿态啊，她是太后吗？？ ​,0.5557985160306192
#向太辟谣李连杰去世# 为什么会有这种传人亖的传言，真的很过分啊！ L爱逸菲浅Luck的微博视频 ​,-0.7741059578225328
#向太辟谣李连杰去世#什么不好说，尽然造谣别人去世，真是离了大谱，有一说一，李连杰年轻的时候真帅，多少人的白月光呀！ L萌萌哒红色小象的微博视频 ​,-0.6213601385922389
"#向太辟谣李连杰去世#《李连杰：从不拿我爷爷炒作,鲁豫：你爷爷是谁？李连杰:你真敢播？》 O李连杰：从不拿我爷爷炒作,鲁豫：你爷爷是谁？李连杰:你真敢播？ ​",-0.5412530473546159
#向太辟谣李连杰去世#请安这个词本来就是问好的意思吧 ​,0.646426071790307
李连杰给向太请安请安？好奇怪的关系啊！！我开始想象郭碧婷给向太奉茶的画面（bhys#向太辟谣李连杰去世# ​,0.5992403294875924
#向太辟谣李连杰去世#造谣别人去世真的不怕遭天谴吗 这个都要造谣…,-0.7178762692548608
#向太辟谣李连杰去世#自己是慈禧吗，还请安 ​,0.7398006540238116
#向太辟谣李连杰去世#虽然但是这个辟谣方式真的很好笑 很向太 ​,-0.6181940783004697
#向太辟谣李连杰去世##李连杰#  为什么会有这种传人死的传言，不抓起来嘛，互联网就没人管啊，唉 ​,-0.7178205729795984
现在大部分少数民族都是交错杂居，血统早就相融了，满族人也只是民族是满族而已，只要这片土地上都是中华民族。真不知道搞民族分裂的是何居心来之不易的和平，现在故意引发战争#向太辟谣李连杰去世# ​,-0.7763374472703661
【#披荆斩棘#EP10五公·下微直播】@李玖哲NickyLee @陈楚生 @宝石Gem @王栎鑫 all black造型演唱经典“莫式情歌”《他不爱我》，深情男嗓里的心酸无奈全部藏在歌里“他不爱我，尽然如此，他还是赢走了我的心”。#披荆斩棘大有可V#《披荆斩棘》EP10五公·下正在热播中，每周五周六中午12:00，单更双更， ​  展开c,-0.7139156268845279
#陈楚生 他不爱我# 五公舞台🎤勇敢去爱，留下热烈和坦荡。陈楚生  #披荆斩棘# ​,0.7648706255641311
#他不爱我##披荆斩棘# 陈楚生两句封神，抖人又要开始求全曲了！我一起求！@陈楚生 🆘 L熊小猫儿的微博视频 ​,-0.5631859890421902
心心念念的 #他不爱我#终于播出了，其实在上周博主就听过很多遍泄露版本了，个人最喜欢陈楚生的演唱，这首歌刚刚开始就被陈楚生那特别声音给带进去了，后面各位哥哥们唱的也很出色的，如李玖哲真是唱情歌的一把好手，全场最惊喜的是陈楚生的那个高音，对我的耳膜真的不要太友好。 LMusic_Data的微博视频 ​,0.6175283937022039
#陈楚生 他不爱我#陈楚生无论是个人秀还是合作舞台，截止到现在，陈楚生在披荆斩棘为我们呈现了《原来的我》《红日》《无数》《思念一个荒废的名字》《行走的鱼》《卡拉永远OK》《爱人错过》《光明》《落叶归根》《动物世界》共10个精彩绝伦的舞台接下来让我们一起期待陈楚生接下来在节 ​  展开c,0.7328441402838934
#陈楚生 他不爱我#听说@陈楚生 在《披荆斩棘》要唱《他不爱我》吗，让我们一起期待陈楚生的《披荆斩棘》舞台吧!#秋日有fun#L盛世美颜是我脑婆的微博视频 ​,0.55926746338865
#他不爱我#我宣布，本季最佳 ​,0.812919365421618
#他不爱我# 相信陈楚生,-0.5012625000000002
#他不爱我# @陈楚生、@李玖哲NickyLee 、@宝石Gem、@王栎鑫 演唱经典“莫式情歌”《他不爱我》，四人一身全黑伫立在舞台，用男性化的视角演绎。有委屈、有心酸、有无奈，爱而不得的情感在他们高亢声线里体现得淋漓尽致#披荆斩棘##陈楚生李玖哲老舅王栎鑫他不爱我# L新浪综艺的微博视频 ​,-0.5878360871378736
#陈楚生 他不爱我# 太棒了 我心中的第一,0.7587412583555557
#陈楚生 他不爱我# 這兩套帥爆嘍,-0.5012625000000002
#他不爱我#他不爱我我爱他就好了 ​,-0.7032806064158715
#他不爱我#陈楚生真的太绝了他不爱我的怒音值得反复不停的循环 ​,-0.5645954052799671
#陈楚生他不爱我高音穿透力##他不爱我# 陈楚生开口那里细腻的情感！中间的怒音！！我要单曲循环了。本来觉得这首歌适合女生唱，但没想到他可以演绎得这么好。@陈楚生 ​,-0.526006951373252
#他不爱我# 原来对于《他不爱我》有点担心，现场却让人特别惊喜。简单的声光电，也没什么走位，简简单单，用最纯粹的声音打动你，几乎整首歌下来都是全场大合唱，结束后很多人说听得泪流满面，当时甚至和身边的朋友说这首歌可以媲美二公他们《行走的鱼》了。五公现场氛围最好的一个表演没有之一。看了 ​  展开c,0.5626698006578063
@李连杰 你到底死了多少回？又传你走了！今早你还和我請安啊！🤣“无无明，亦无无明尽，乃至无老死，亦无老死尽。你新📕出了，说明你已经超越了生死！别介意人家乱传谣言了好吗？ ​,-0.6305987322231215
#李连杰#别特么造谣，黄飞鸿方世玉洪熙官陈真令狐冲觉远张三丰张无忌霍元甲许正阳巩伟之真人李连杰要是去世了，劳资真要哭的 ​,-0.7406084510362133
#向太 今早李连杰还和我请安啊##向太辟谣李连杰去世# 11月3日，网传#李连杰#去世，引发热议。刚刚，@向太Tiffany陳嵐 发微博辟谣，她写道：“你到底死了多少回？又传你走了！今早你还和我请安啊！” ​​​,-0.8310365401053512
李连杰被传闻去世，应该是假新闻，看了一下李连杰今年才60岁！但是他的近照看起来好苍老啊，比起他同龄差不多的刘德华，真的状态不行，更不用说成龙了，成龙比他大十岁，现在还在孜孜不倦的拍打戏！服了。李连杰患有甲亢，感觉还是蛮严重的。 #李连杰# ​,-0.5935098568256306
#李连杰#好喜欢这部电影，永远的经典 L唯c爱c呀的微博视频 ​,0.6995611720374574
#李连杰# 啊这，第一眼看就挺假的，也是古早谣言套路了。 ​,-0.5547000080119809
#李连杰# 那股狠劲帅气逼人 L娱圈熊熊的微博视频 ​,0.7273704961747849
李连杰：别过高的估计自己，其实啥也不是。真是人间清醒 Lo小怂包的微博视频 ​ #李连杰# ​,-0.6942732454166409
电影《少林寺》李连杰、于海、丁岚、计春华、于承惠联袂主演。#李连杰# via L澎湃春秋的微博视频 ​,-0.5120896128849164
#李连杰# 说李连杰去世的是一个野鸡外国网站，大概率是假的。不过李连杰这两年身体不大好是真的。信佛也没让他身体好些。#向太辟谣李连杰去世# ​,-0.7466760523269975
#李连杰#莫名其妙又出来这么个热搜《给爸爸的信》（又名《赤子威龙》)的精彩动作场面不少，李连杰、谢苗父子俩联手大战于荣光这场戏算是名场面了。那会儿的谢苗锐气十足，风头甚至盖过了梅姑李连杰和于荣光。如今，他也走出了自己的路了。于荣光的反派演绎的真是独树一帜。一众配角里，小黑 ​  展开c,0.5212714730775833
#李连杰#什么东西？！？又传李连杰去去世了？！向太也辟谣了啊，那种yxh可以告了！ ​,-0.8281149607422175
#向太辟谣李连杰去世##李连杰#  为什么会有这种传人死的传言，不抓起来嘛，互联网就没人管啊，唉 ​,-0.7178205729795984
#李连杰#头一盟懵。。。别造谣啊！！ ​,-0.5585262974993394
#李连杰#这啥人造谣的呀…… ​,-0.5585262974993394
#李连杰#谣言止于智者，这种谣言真的是很让人无语 ​,-0.7784684868263974
#李连杰#我还以为杰哥有啥作品还是啥的，兴致勃勃点开，看完一脸晦气！！！造谣去噶！！！ ​,-0.6213647325090469
#向太辟谣李连杰去世# 向太陈岚看到网上传言#李连杰# 去世。发文称，你到底死了多少回？又传你走了！今早你还和我请安！ ​,-0.7630547330226721
一年一传的李连杰去世的消息又来了，估计李连杰都懒得回应了。但他的好友向太出来发声了，称李连杰今早还在向她问候，不要相信媒体的瞎造谣。#向太辟谣李连杰去世##李连杰# ​,-0.6919842817246576
【中字】#曝多名篮网球员与啦啦队成员发生关系# ：  —— 前篮网啦啦队员爆料：“当我还是篮球啦啦队员时，我和球员们发生过关系，球队不允许我们这么做，但我认为我有和球员约会的权利，这不会损害我的名誉。” L洛译篮球的微博视频 ​ ​​​,-0.7083295446756149
前篮网啦啦队队长透露，她在上赛季和多名篮网球员发生过关系，她不愿意透露这些人的姓名，但也给出线索“他们不是替补球员。”随后大桥转发这条新闻，自行辟谣：我那会还是太阳队球员。#曝多名篮网球员与啦啦队成员发生关系##nba开新大集# ​,-0.669909780030782
前篮网啦啦队队员透露，她在上赛季与多名篮网队员发生性关系。这位啦啦队员并未指名道姓，但她指出那几个球员并非替补。篮网队员“大桥”米卡尔-布里奇斯赶紧澄清：“当时我还在菲尼克斯太阳呢。”#曝多名篮网球员与啦啦队成员发生关系# ​,0.5115170454678251
#曝多名篮网球员与啦啦队成员发生关系#球员和拉拉队员都是荷尔蒙爆表活力四射身体棒的年轻人，又能经常接触到，搞在一起很正常啊 ​,-0.5564640380108143
#曝多名篮网球员与啦啦队成员发生关系# 隐隐约约能想到。还有运动员和________、演员和________。 ​,0.6024802074467751
#曝多名篮网球员与啦啦队成员发生关系# 大桥自证清白“我当时还在太阳呢”，格威反将一军，晒出黑衣女模图片，该女模曾表示在2018年酒店一夜“车轮战”太阳布克在内的七名球员。#nba开新大集#NBA ​,0.6311119266408982
#曝多名篮网球员与啦啦队成员发生关系#吓死我了 看成球员之间 ​,-0.7748501286409781
#曝多名篮网球员与啦啦队成员发生关系#知道李天一到美国怎么学坏的吧？他当时搞冰球，冰球队这种事也很多安排孩子出国留学的家长一定要先把孩子的价值观搞正确再放出去，否则出事的概率很高 ​,-0.7400499998109232
#曝多名篮网球员与啦啦队成员发生关系#我竟然一点都不意外，毕竟美剧经常有这种情节，看来异性恋也挺乱的啊 ​,-0.7091936458438246
#曝多名篮网球员与啦啦队成员发生关系#兔子还不吃窝边草 ​,0.6707105279673284
#曝多名篮网球员与啦啦队成员发生关系#一言难尽 只能说牛逼 ​,-0.7885198829633285
#曝多名篮网球员与啦啦队成员发生关系#我觉得挺正常的，每年奥运会免费提供的几万个byt不都被用完了吗，人家你情我愿的 ​,0.7412102146224191
#曝多名篮网球员与啦啦队成员发生关系#这种事传出来已经不是一次两次了。但现在发布出来，啦啦队成员肯定没按好心。 ​,0.5530671375575059
#曝多名篮网球员与啦啦队成员发生关系#异性恋是这样，天天说txl脏乱 ​,-0.545489770509506
前篮网啦啦队队员透露，她在上赛季与多名篮网队员发生性关系。布里奇斯看到了，先来澄清：“当时我还在菲尼克斯太阳呢。”这大桥也真太好玩了#曝多名篮网球员与啦啦队成员发生关系# ​,0.5710767590037414
#赵露思痛失本名# 姜昆：很多人给我介绍没有介绍她的姓，我知道她叫露思，我还以为她姓胡呢露思：胡~露思~哈哈哈哈哈哈哈哈哈我们露思一不小心痛失本名 #火星情报局# L综艺少女的日常的微博视频 ​​​,0.548390711696956
#火星6全员破防文学开播# 我发现！火星人和地球人都很容易破防！想知道我的破防故事吗？今天12点#火星情报局#6 见～ ​,-0.6081925347713558
#火星情报局#妈妈特工们来006号会议厅报到啦速速登舱，快乐航班马上起飞探索火星机密，常备999小儿感冒药无惧火星挑战，妈妈特工特安心 ​,0.5954953919663771
#赵露思痛失本名#这一段笑的我脸痛 葫芦丝哈哈哈哈哈哈哈哈哈哈哈哈 L航航小小酥的微博视频 ​,0.7067768061344954
#赵露思痛失本名#薛哥说什么大实话这yhky不得破防4️⃣“要不是赵露思在公司公司就要倒闭” L超能撸猫队的微博视频 ​,-0.6506553674766608
#赵露思痛失本名#是谁等不及要看火星露了！！！ L-厚乳的微博视频 ​,-0.6563632359822914
#赵露思痛失本名# 对 她现在是批发赵姐的老婆 ​,0.6250312079362368
赵露思 💜 #赵露思痛失本名#葫芦丝、赵肉丝、赵露露、肉丝ㄦ都是我们最可爱萌萌哒的赵露思#赵露思# ​,0.7242650640849412
#赵露思痛失本名# 欢迎大家来看我老婆 ​,0.5123918062912576
#赵露思痛失本名#赵露思的综艺感真的不错，有很多梗，也会自己cue自己，开玩笑也非常大大咧咧，为什么她没有像迪丽热巴那样吃到综艺红利？ ​,0.6500839245548494
#赵露思痛失本名#以前怎么没看火星情报局啊，真的太搞笑了，连前面的先导片也很好笑，“要让别人知道我老伴不搞笑，我的脸往哪搁啊！”哈哈哈哈哈哈哈还有露思的翅膀好漂亮，真的像天使 ​,0.5374316437156531
光从这一个视频感觉真的好有压迫力呀，赵露思感觉很卑微的样子#赵露思痛失本名# ​,-0.643021782372031
#赵露思痛失本名#“肉丝儿”“葫芦丝”“赵得住”…哈哈哈哈哈哈 我快要忘记赵露思的本名了 ​,-0.6163434637385958
#赵露思痛失本名#哈哈我在意的点是除了露思张颜齐笑死我了 ​,0.5039718278016108
#赵露思痛失本名#葫…芦丝吗？啊哈哈哈哈哈哈哈 ​,0.7780290367018128
#赵露思痛失本名#哈哈哈哈哈哈好可爱 ​,0.8404765758357241
#赵露思痛失本名#是不是 肉丝儿 肉丝ㄦ 肉丝儿哈哈哈哈哈 好可爱 ​,0.5851177484596262
#赵露思痛失本名#没点进来还以为赵露思不是原名 原来是这样啊 ​,-0.6883309299995474
#赵露思痛失本名#还真的不知道她本命哈哈哈哈 ​,0.6048444180767372
#赵露思痛失本名#葫芦丝本思 ​,-0.5012625000000002
赵丽颖官宣elle盛典，黑发公主切造型好美 ​,0.8689808022300942
重聚此刻，致敬风格。“祝ELLE35周年生日快乐，发现更多美好。 ”@赵丽颖 #ELLE风尚大典##重聚致敬# ​,0.7006006563957117
#赵丽颖黑发公主切#今日，@赵丽颖 官宣加盟ELLE盛典，赵丽颖一身黑白公主切看起来好美啊!#拾趣计划# ​,0.7816437056312638
#赵丽颖黑发公主切#这个造型真的超好看！ L胖颖飞刀呀的微博视频 ​,0.6378440626288238
#赵丽颖黑发公主切#这套真的绝美，赵姐黑发永远的神，镜头感十足，elle很会拍。 ​ ​,0.7384237360772657
#赵丽颖##赵丽颖沈璃# 好烦 有点想赵丽颖 #赵丽颖黑发公主切# ​,-0.7874225648762533
#赵丽颖黑发公主切##赵丽颖# 说到赵丽颖黑发公主切，不得不提这个造型了！幻梦烛影，玫瑰低语！每一个眼神都触动心弦，被动态的@赵丽颖 蛊到了！L赵丽颖工作室的微博视频 ​,0.648261618146643
真的太美了太美了#赵丽颖黑发公主切#勾人心魄的那种美美丽强大又让人心疼的美#赵丽颖# L你的星星已到货-碧苍王妃版的微博视频 ​,0.5167519647416435
#赵丽颖黑发公主切# ｜ #赵丽颖# 真的超爱赵丽颖的ELLE花絮～眼神鲨美晕我 L浪味小宇宙_ing的微博视频 ​,-0.5127060455637411
赵丽颖#赵丽颖黑发公主切# 超喜欢这组Elle的开年刊！真的很飒@赵丽颖 ​,0.5431624192190353
#赵丽颖##赵丽颖黑发公主切# 喜欢喜欢EllE这这封超美丽 但赵丽颖应该不去吧 ​,0.7901008788102891
绘|白切黑👑😈 @赵丽颖  #赵丽颖黑发公主切##赵丽颖# ​,0.6087474465597471
#赵丽颖黑发公主切#  好美好酷  ​,0.6956035211386543
#赵丽颖黑发公主切#公主切必须这套！ YYDS ​,0.7241409842027157
#赵丽颖黑发公主切#等下，11.3杭州？不就是今天，哇可以去吗 ​,-0.5030159067880232
#赵丽颖黑发公主切#我老婆是世界上公主切最好看的人 ​,0.6404267636320243
#赵丽颖黑发公主切#颖宝，黑长直，永远的神，太美了！ ​,0.6127438532139566
#赵丽颖黑发公主切##赵丽颖# 喜欢的杂志之一，还有综艺推理吧的公主切加挑染也很好看 ​,0.8220054821937581
#赵丽颖黑发公主切#复仇女主我天呢 ​,0.6663058858040474
#赵丽颖黑发公主切#赵丽颖的这套公主切也很好看，所以说，天生丽质的人，真的什么造型都能hold住，赵姐的气质绝了！！ ​,0.8300629847284066
【#李玟弥留之际老公才出现#】#李玟老公曾打电话问李玟死了吗#在凤凰网非常道栏目中，二姐称李玟出事时，老公Bruce正在旅途中，所以不是事情刚出就有到场，而是在李玟差不多不行了的时候才出现，大姐回忆称，李玟命悬一线时，老公Bruce打电话问她发生了什么事，并问“她死了吗？”，而不是关心李玟目前 ​  展开c,-0.6623509976328978
#李玟弥留之际老公才出现##姐姐证实李玟曾两次轻生# 希望姐姐李玟在天堂一切都好 ，永远开心快乐L烟花三月下江南-的微博视频 ​,0.6375842768183717
Coco 生前遭遇这么多不公，难道家人没权利帮她讨回公道吗？你们一个个说她们消费Coco，你们良心过得去吗？希望你们不要遭遇失去家人痛苦。#李玟弥留之际老公才出现# ​,-0.9146213143812656
#李玟弥留之际老公才出现#哎，希望李纹一路走好！后续的事情有一个好的结果！听一次难过一次的想你的365天！ L酷到没名字666的微博视频 ​,-0.8403881512338776
#李玟弥留之际老公才出现#   名字不周，人生不周也。李玟，生于1975年1月17日，肖虎（生肖以立春为界），名字没有起好作用，何也？原因有二，一来名字欠缺补益性，二来名字没有安全性，因为肖虎者名字慎文忌玟：  ​​​ ​​​ ​​​O网页链接 ​,-0.5697625959743806
婚姻冷暖自知，李玟生前从不靠这些博眼球，反而这俩个姐姐，你们真的爱这个妹妹吗？从她离世第一天你俩就提出了财产问题，然后拿着她的隐私到处各种说#李玟弥留之际老公才出现# ​,-0.7507167619877549
#李玟弥留之际老公才出现#李玟出事时老公Bruce正在旅途中，所以不是事情刚出就有到场，而是在李玟差不多不行了的时候才出现！人呐，还得是原配好！ L老鱼谈网事的微博视频 ​,-0.7420284622164154
家家有本难念的经，我认为coco的自 杀不会是单一的原因，她是对自己未来的人生全方位的失望了，对老公的失望是真的，对身体状态失望，对亲情的失望肯定也是有的#李玟弥留之际老公才出现# ​,-0.8469135181475558
#李玟弥留之际老公才出现#斯人已去，还要不停被家人拿出来吸血。 ​,-0.5635330588675508
凤凰网娱乐《非常道》X李玟大姐李秋林、二姐李思林@李思林Nancy穿中国红旗袍亮相奥斯卡，“要为中国人找一片国际的天地。”“唱歌、做音乐她的灵魂就在了”，离世前夜还在和朋友欢聚唱歌。事业风光无限，婚姻却惨淡收场。二姐坦言，“女人都是情伤”。想把最后一口气留在舞台的「天后」，“ ​  展开c,-0.5076598336688691
#李玟弥留之际老公才出现#李玟所有的事情，好像都是这个二姐出来在说，好蹊跷。虽然是家人，但家人有没有吸血李玟的情况呢？！李玟的婚姻不如意，没有爱他的在意他的老公，那么她的家人呢，在李玟心里，家人是一副什么面孔呢？家人是否真的爱过李玟，关心过李玟呢？！李玟已经去世了，不可能对外说什 ​  展开c,-0.6714243357231411
#李玟弥留之际老公才出现#现在说这些已经没用了姐姐已经走了,-0.5681588011614839
#李玟弥留之际老公才出现#这真的是妥妥的一个渣男了 ​,-0.5840645454322818
哈哈哈哈哈哈哈六公主公开处刑侯雯元！！！我笑拉了！！！彪子一分钟偷瞄八百次六公主镜头，嗯……一点都不刻意就是有些明显#六公主公开处刑侯雯元# #2023星辰大海正式开营# L橘子娱乐的微博视频 ​,0.6899151114107357
偷瞄镜头是真的可爱，挺放得开的呀，又是唱歌又是拍照的#六公主公开处刑侯雯元#L妖妖monster的微博视频 ​,0.6490676428199995
#侯雯元签名好温柔# @猫眼电影 ✖️“星辰大海”独家花絮上线点来就看⬇️在训练营后台给人签名的@演员侯雯元 期待金鸡之旅～#猫眼看金鸡##六公主公开处刑侯雯元# L猫眼电影的微博视频 ​,0.6660080877790344
#六公主公开处刑侯雯元#他要是爱豆在舞台上抓镜头肯定特别准！我在想他要是能去《披荆斩棘》唱跳，我简直不敢想他得有多开朗 ​,0.6262966743407706
#六公主公开处刑侯雯元#人形镜头捕捉器🈶️，侯雯元：我就要不经意间看镜头，迷住你们哈哈哈哈哈哈，还有主持人问：“你更希望大家怎么称呼你呢？侯班长？”侯雯元：“叫我小班长就好了”哈哈哈哈哈哈我猜8G冲浪的他肯定是看到有人说他老了，难受坏了吧 ​,-0.6244973222930926
#六公主公开处刑侯雯元#哈哈哈哈哈哈彪子喜提六公主关注，侯雯元搞个科目一庆祝下 L小钢板大王的微博视频 ​,0.7907766105542543
#六公主公开处刑侯雯元#彪子真的好可爱！彪子也是要面子的啦！看破不说破还是好朋友哈哈哈哈，杜宇一款温柔系矿工 L娱圈熊熊的微博视频 ​,0.6740528897851491
#六公主公开处刑侯雯元#彪子：报一丝报一丝，习惯将镜头当镜子了 ​,-0.5439938100696645
你对他的初印象是什么？#六公主公开处刑侯雯元# ​,0.5280368083471336
感觉元哥好可爱呢，这小眼神，这状态满满，元儿哥一如既往的自信开朗，你可以的#六公主公开处刑侯雯元# L文旅诗画的微博视频 ​,0.7750147559449803
#六公主公开处刑侯雯元# 他真的哈哈哈哈哈哈哈哈哈哈,0.7127752978900616
哈哈哈哈哈哈哈六公主公开处刑侯雯元！！！ 我笑拉了！！！彪子一分钟偷瞄八百次六公主镜头，嗯……一点都不刻意就是有些明显 #六公主公开处刑侯雯元##2023星辰大海正式开营# L橘子娱乐的微博视频 ​,0.6899151114107357
#六公主公开处刑侯雯元#救命，有一种不知所措的紧张和局促哈哈哈哈哈 ​,-0.7390724112128381
#六公主公开处刑侯雯元#哈哈，侯雯元真的是神奇，油到深处变清澈 ​,0.6946088658331874
#六公主公开处刑侯雯元##侯雯元进厂# 彪子你还真是技多不压身啊！这还进厂子学手艺了侯雯元 L圈内星探的微博视频 ​,0.5350695183160055
侯雯元#六公主公开处刑侯雯元##侯雯元进厂# 彪子进厂啦彪子… L好剧风向标的微博视频 ​,-0.5012625000000002
#张小寒爆料王鸥还有一两个月就生了# #六公主公开处刑侯雯元# #李佳琦直播间疑为冲销量未付先送#,-0.5012625000000002
哈哈哈哈哈哈哈可能他八百个小动作不是为了刻意耍帅，而且手脚不知道怎么摆吧，本内向人就是察觉到别人的目光锁定或者镜头，就不由自主的头脑发空，手脚不知道怎么放，很多动作#六公主公开处刑侯雯元# ​,0.5722990464032164
#六公主公开处刑侯雯元#哈哈哈哈哈哈哈笑死我 ​,0.7780290367018128
#六公主公开处刑侯雯元#六公主哈哈哈哈哈哈哈,0.8129945114263406
【#男子回应退婚用16.8万彩礼辞职旅行#：临近婚期又要加3万，与其欠债不如去旅游】山西一男子因高彩礼退婚，拿16.8万辞职旅行，“我早已接受要出18.8万的彩礼。在家乡彩礼基本都是这个价格。可临近婚期，女友说还想要3万的五金钱，我实在是没钱了，很郁闷。”之后，朱先生决定逃离。11月2日，记者与 ​  展开c,-0.5775247889121197
#男子回应退婚用16.8万彩礼辞职旅行#笑死了，不愿意给就不愿意给，没谈拢就拉倒呗，扯什么父母都没吃过海底捞，好家伙，你现在到处溜达也没见你带着父母啊，也没见你带着去吃海底捞啊。别什么都扣在结婚上，不结婚人家女的不吃海底捞啦。。。 ​,-0.5959417561155389
#男子回应退婚用16.8万彩礼辞职旅行#你这也说的太好笑了，你说没多少钱了你还去旅游，旅游也行你自己个人的选择，别忘了把父母带上哦 ​,0.77627604806279
#男子回应退婚用16.8万彩礼辞职旅行# ？？？心疼父母？ 好搞笑的说辞，谁不让你带父母吃海底捞和去旅游了吗？既然那么愧疚就去行动，光说不练假把式。 ​,-0.7272109860084609
#男子回应退婚用16.8万彩礼辞职旅行#朋友结婚，彩礼29.9W。虽然多，但是女方回礼了几床被子，被子特别厚，我朋友晚上捂着哭，外边都听不到 ​,-0.7387592741114668
让我们来看看这件事里谁最急呢#男子回应退婚用16.8万彩礼辞职旅行# ​,-0.5235977878525137
#男子回应退婚用16.8万彩礼辞职旅行# 其实以前类似的新闻也很多，大家无非就图一乐...但是我们再看这条新闻，大家讨论的点和立场已经完全分化了，只有支持和否定看乐子的都没有了，现在的环境下中间派没有任何生存空间。反对的这群人，它们不知道自己说的话很搞笑么，什么海底捞、带父母旅游....这 ​  展开c,-0.5423553206522503
#男子回应退婚用16.8万彩礼辞职旅行#要不上价，有些人明显开始急了。我知道你很急，但是你先别急。咱先说说，为什么临近婚期，又突然加价3万彩礼？ ​,0.55422163020121
#男子回应退婚用16.8万彩礼辞职旅行#新中国第一部法律叫做《婚姻法》。这部《婚姻法》第一章有两条原则：第一条废除包办强迫、男尊女卑、漠视子女利益的封建主义婚姻制度。实行男女婚姻自由、一夫一妻、男女权利平等、保护妇女和子女合法利益的新民主主义婚姻制度。第二条禁止重婚、纳妾。禁止 ​  展开c,-0.9047363043702836
#男子回应退婚用16.8万彩礼辞职旅行#转眼间身边的不婚主义者一个个都结了，碰上对的人就结吧，迟早会结。 ​,-0.5861835211736588
【#彩礼不断攀升#，#部分家庭因天价彩礼致贫#】山西一男子因高彩礼退婚，拿16.8万辞职旅行，使“彩礼”相关问题又引发网友热议。“‘天价彩礼’是中国社会经济发展新涌现的民生问题，是婚姻缔结与人口再生产的又一抑制性因素。”在今年1月发表的《透视‘天价彩礼’：现状、成因与治理》一文中，作者如 ​  展开c,-0.6747766564145514
#男子回应退婚用16.8万彩礼辞职旅行#如果需要借钱交彩礼，那婚不如不结，一拍两散比勉强结婚好，看了全文，男主说: “我觉得能相成的话更好，相不成就当个朋友也挺好。但其实每次相亲我都有点难受，我跟女生一起吃海底捞，看电影啥的，可我父母从来没吃过海底捞。我也挺心疼我父母的，他们很多地方都 ​  展开c,-0.7850920662619781
#男子回应退婚用16.8万彩礼辞职旅行#说明本来就没啥感情，找个借口就分了。 ​,-0.6923045491082533
#男子回应退婚用16.8万彩礼辞职旅行#  支持男生退婚，但是前面说觉得父母可怜没去旅游过然后反手自己一个人去旅游……我以为他会带爸妈一起旅游的哈哈哈哈 ​,-0.5182127539350103
#男子回应退婚用16.8万彩礼辞职旅行#临近婚期还加钱，女方确实不厚道。没结婚提早抽身个，好过婚后矛盾不断。想的开，看的透彻 ​,-0.5129566728666045
#男子回应退婚用16.8万彩礼辞职旅行# 天天吐槽高价彩礼，可是高价彩礼只是少部分地区啊！！你们为啥一定要选择那些高价彩礼的女生，不要彩礼或者低价彩礼的女生看不上你们嘛？ ​,-0.5761266957547626
#男子回应退婚用16.8万彩礼辞职旅行#恭喜女方，成功被这种心机男退婚！男主的逻辑里有一些悖论是我无法理解的：1、相亲去吃海底捞就会难受，但还是去了。觉得海底捞消费高可以不去，可以向女方表达出来，没有必要内心不同意，结果还是去了，最终把责任归结为女方。这种男孩子，缺乏担当。2、难受的 ​  展开c,-0.7066931141085477
#男子回应退婚用16.8万彩礼辞职旅行#自己到处旅游的时候不心疼父母没去旅游过了，相亲吃了海底捞就开始心疼父母没吃过海底捞6啊，我妈以前也没吃过海底捞，拉她去吃她也不去，那我就点外卖，我就不信了东西摆父母面前了他们会不吃 ​,-0.7994413179307531
#男子回应退婚用16.8万彩礼辞职旅行#不忍心让父母为难，所以拿着父母凑的结婚钱去旅游了，爹妈一个也不带，男人的孝心只有在和女人结婚的时候才有么，一说和女人结婚，孝心就出来了。 ​,-0.7077209566295121
【#比利时王妃回广东娘家省亲#，祖籍梅州五华是地道客家妹子！】11月2日上午，比利时利涅王妃李然回到家乡广东省梅州市五华县省亲。她还回到母校五华县第三幼儿园（原五华师范附属小学）看望恩师，并和当地学校的“学弟学妹”们进行了交流。据悉，李然还将应邀参加在梅州举办的第六届世界客商大会活动 ​  展开c,0.7828215500658876
🔺地道广东客家妹！！比利时利涅王妃李然回家乡梅州五华省亲！！11月2日上午比利时利涅王妃李然回到家乡梅州五华省亲，看望恩师、励志交流、植树等活动，共叙乡情乡谊，喜看家乡变化。🔺李然是在国外留学打工时邂逅了王子嫁入王室！！女网友感叹:我的王子何时才能出现？？ ​  展开c,0.7445630924226508
#比利时王妃回广东娘家省亲#虽然欧洲还有王室，但我们已经把这些封建玩意儿给扔到了历史的垃圾堆里。有啥必要用上“省亲”这样的词？ ​,0.5922688542559372
#比利时王妃回广东娘家省亲#这是从平民到王妃这一路也是挺辛苦的但是也离不开自身的优秀啊不够优秀你再努力也不行 2荷兰·Enterbrook 2 ​,-0.5466919185645139
#比利时王妃回广东娘家省亲#我到底应该把儿子培养长大去娶西班牙公主的女儿容易一些呢？还是把儿子培养好，去娶比利时王妃的女儿更合适呢？真是两难的抉择 ​,-0.5444878730011571
#比利时王妃回广东娘家省亲# 有点给自己贴金了，只是比利时的一个贵族家族，利涅家族是欧洲一个古老的贵族家庭，并不是比利时王室成员。她根本不是比利时王室的王妃。 ​,0.5855803372400961
#比利时王妃回广东娘家省亲#还王妃回家省亲，真的是能贴金吹牛。我们知道比利时是个王国，但是这个所谓的王子并不是比利时王室成员。他应该是比利时“利涅家族”的一个成员，利涅家族是欧洲一个古老的贵族家庭，在11世纪时参加“十字架东征”发迹，家族族长12世纪被封为男爵，16世纪被封为伯爵和亲王 ​  展开c,0.6373616921341966
#比利时王妃回广东娘家省亲#人的命运，如天地般那么悬殊。命好的人，莫名其妙就做了王妃，命差的人，用尽一切力气都爬不起来。昨晚看过条视频，一个外卖小哥突然休克吐血，送医院抢救。原来他有家族遗传史，大哥还瘫痪在家等着做血透，自己幸苦送外卖只为给大哥治病。待他父亲从外地来到病房，可怜的 ​  展开c,-0.8819539775065768
#比利时王妃回广东娘家省亲# 笑死。平素批评起重男轻女的封建陋习，一个比一个带劲。这回是真·封建迷信驾临，一群人却突然活成了清朝人的模样。这到底是怎么回事捏？ ​,-0.7731781486805632
#比利时王妃回广东娘家省亲#充满小说味道的词条 ​,0.6854478227399212
#比利时王妃回广东娘家省亲#比利时利涅王妃李然，回中国家乡广东娘家省亲，天生的亲切感本人一定很优秀叭 L祈愿乐欣七安awm的微博视频 ​,0.6368888768542788
#比利时王妃回广东娘家省亲#广州日报的话题主持人？比利时现任王室成员有这么个王子么？ ​,0.6952734266919789
很有气质，学霸的人生#比利时王妃回广东娘家省亲# ​,0.6255590815673292
#比利时王妃回广东娘家省亲#我还以为误入小说呢 ​,-0.5848080167431118
#比利时王妃回广东娘家省亲#努力优秀的女孩都会闪闪发光 ​,0.6514900787649905
广东女孩李然嫁给比利时王子成为平民王妃广东女孩邓文迪嫁给世界传媒大亨成为最有英国首相的座上宾。突然发现广东女孩好厉害，好会嫁人呀！都是普通家庭，靠婚姻改变了自己的命运难怪老话说的话，女孩子一生有两次次改变命运的机会，选择什么样的家庭出身决定了你的起点，选择什么样的人结婚决定了 ​  展开c,-0.639136466629001
#比利时王妃回广东娘家省亲#评论区能不能多看看书，最起码先百度过后再发言吧，“省亲”就是回老家探亲，一般时间较长，根本不分阶级地位男女，别看了几部小说就先入为主。现在有些方言里依然用“省亲”。（也别再说时代不同，有些词应该更新，明明是自己知识储备不够，反过来要给一个词摊上莫须有的意 ​  展开c,-0.5003025109108934
#陈飞宇祝李峋一周年快乐# 陈飞宇祝李峋一周年快乐！李峋好久不见~冬天来了又到了把小点燃翻出来看的时间了#点燃我温暖你# ​,0.5738976825284476
一周年快乐✨🔥❄️ ​,0.6269686267261846
#陈飞宇祝李峋一周年快乐#『胜负的路很长，我们都只是刚刚起步而已』又要在冬天爱上李峋啦 ​,0.6212038625609609
#点燃我温暖你开播一周年#经历了人生的荒草原，去年十一月等到了我的长明灯。峋哥一周年快乐，谢谢阿瑟带给我最好的李峋@陈飞宇Arthur 演员朋友，我愿做你忠实的观众，期待你的每一个角色❤#陈飞宇祝李峋一周年快乐# L青衫燚燚-摘月亮摘得到的微博视频 ​,0.741389600326497
#陈飞宇祝李峋一周年快乐#是谁还在怀念李峋的台词L一只小舟在海里的微博视频 ​,-0.7321089489731405
#陈飞宇祝李峋一周年快乐#真的好快啊！喜欢你已经一年啦！@陈飞宇Arthur ​,0.5372563816825728
#陈飞宇祝李峋一周年快乐#亲爱的峋，一周年快乐，我会在每个冬天想你 L瑟瑟小小酥的微博视频 ​,0.6522901731669719
#陈飞宇祝李峋一周年快乐# 声台形表一百分@陈飞宇Arthur ​,-0.554876403848904
#陈飞宇祝李峋一周年快乐#一年了啊 好快 ​,-0.5343486050563495
#陈飞宇祝李峋一周年快乐# 一周年快乐！永远爱李峋 和朱韵稳稳的幸福 ​,0.5911019096127939
#陈飞宇祝李峋一周年快乐#什么！这么快 既然一周年了 我记得去年是疫情的时候在家看的一部电视剧那个时候天天看 ​,-0.6332475973982373
#陈飞宇祝李峋一周年快乐#疫情窝在宿舍追的剧，平行时空里的李峋和朱韵要快乐哦！ ​,0.6325279754323159
#陈飞宇祝李峋一周年快乐#宇峋 ​,-0.5012625000000002
一周年快乐🎉 🎉 🎉 ，飞宇崽崽天选李峋#陈飞宇祝李峋一周年快乐#,0.6269686267261846
#陈飞宇祝李峋一周年快乐#哥 你本来可以凭李峋吃一辈子的 ​,-0.7185615832570071
#陈飞宇祝李峋一周年快乐#他记得，他记得，太好了李峋也是我的现偶白月光你更是@陈飞宇Arthur ​,0.6817638514616555
《以爱为营》滤镜被吐槽了，这款滤镜大家能接受吗？ #以爱为营 滤镜# ​,-0.5728137865194437
不是，你们《以爱为营》真的很会拍现偶的心动氛围感啊！屋外大雪纷飞，屋内缠绵悱恻，小说情节通通照进现实！#白鹿王鹤棣吻戏镜头##以爱为营 滤镜##以爱为营全员营了个大动作# L搜狐娱乐的微博视频 ​,-0.5022555309652887
#以爱为营 滤镜# 王鹤棣《以爱为营》预告混剪🈶️！时宴今晚八点见 #白鹿王鹤棣吻戏镜头##星姐微博# L星姐微博的微博视频 ​,0.6405414213167696
以爱为营滤镜什么样我不清楚但是时宴苏的我腿软啊啊啊啊啊啊啊王鹤棣就是行走的鹤尔蒙能不能到现在就播出！！！📺：今天晚上八点上芒果TV看以爱为营看时宴#白鹿王鹤棣吻戏镜头#/#以爱为营 滤镜# L宴泪滴滴哒的微博视频 ​,-0.643080554615936
以爱为营滤镜怎么样不影响王鹤棣的帅 时宴撇嘴笑想要迷死谁啊啊啊啊啊啊啊@王鹤棣_Dylan #以爱为营 滤镜#｜#白鹿王鹤棣吻戏镜头##王鹤棣以爱为营# L是什么糕冷选手的微博视频 ​,-0.6912971343071771
我死了..这也太帅了吧！！疯批版时宴吗.. #以爱为营 滤镜# ​,0.5768966900874158
定了定了 今晚8点做 姿势想好了🤤🤤🤤LKiligpuppy_的微博视频#王鹤棣时宴# /#以爱为营 滤镜#  /#白鹿王鹤棣吻戏镜头# ​,0.729482384063469
#以爱为营 滤镜#｜#王鹤棣以爱为营# 讨论度也太高了吧 这就是顶流播剧吗？不管你粉黑 都请多多讨论吧 一起来为时宴王鹤棣的书局和声量添砖加瓦 时宴不登顶不爆都难 让其他所有的剧和角色都在时宴面前渺小的像一只蚂蚁 让这个十一月甚至整个冬天的话题一直围绕着时宴和王鹤棣 拜托了｜以爱为营滤镜 ​,-0.6079654064121357
#以爱为营# 啊啊啊啊啊啊啊王鹤棣真的可以演晋江的所有房子！！！！异性恋感谢王鹤棣！！！王鹤棣性 张力的神，时宴也太苏了救命，以爱为营 滤镜都压不住他的苏感和美貌🆘#以爱为营 滤镜# L苍青宴遇迹的微博视频 ​,-0.6952885973218291
#以爱为营 滤镜#说实话难道不是因为女主状态不好所以可劲磨皮，不管其他人的死活吗😅 ​,-0.7570926704227774
#以爱为营 滤镜#这滤镜能不能快点儿改啊 ​,-0.5391867429707459
这部剧也太偏爱女主了，滤镜能不能别加了，王鹤棣还有老魏都是浓颜，浓颜加滤镜有点影响五官立体度的#以爱为营 滤镜# ​,0.5729430225611066
#白鹿说公主请看剧# 👸#以爱为营 滤镜# 看看看我肯定看👀都叫我公主👸了公主的面子还是得给🤔️@白鹿my 白鹿 LEternalbmy的微博视频 ​,0.6097836059188483
#以爱为营 滤镜# #以爱为营今日开播# 王鹤棣抖更新“我姓时，名宴”，期待以爱为营时宴！ L写作诗诗的微博视频 ​,0.6718555454932321
以爱为营还是备受关注啊，好久没看到一部戏开播前就这么热闹，先是传定档日期没有播嘲播不了，第二天定档又嘲播出时间不好，然后放了预告，又开始审判原音，今天又开始说滤镜，流程走完了吧，晚上记得看剧审判剧情哦#以爱为营 滤镜# ​,0.5483868943985076
#以爱为营 滤镜#这预告太甜了，甜齁了，啥时候看正片 ​,0.5673953250884869
#以爱为营 滤镜#多少滤镜也挡不住时宴的美貌王鹤棣 ​,0.5892015214546105
#以爱为营 滤镜#白鹿好漂亮，王鹤棣好帅，期待一波正片 ​,0.7982068674921209
#以爱为营 滤镜#咋感觉被蒙上了一层雾，失真+模糊😓 ​,-0.6039117576367188
五月天 属于江浙沪的厮杀冲鸭！！！！ ​,0.7032880966193962
久别重逢 如约而至思念似海 满溢心上终于可以好好见到大家🔥上海站八场正式启售⁠⁠⁠CMC Live X 相信音乐  共同呈献⚠️温馨提示：售票资讯 & 场次更动，请详见以下资讯⁠MAYDAY @五月天[ 好好好想见到你 ] 2023上海演唱会⁠⁠📍上海站  📅演出日期：2023/11/12 (日)－11/13 (一 ​  展开c,0.6936615729616676
五月天上海演唱会官宣了，11月5日10:55开始抢票，大麦想看人数以肉眼可见的速度已飙升至172.9万，属于江浙沪的厮杀。 ​,0.6689848929878537
五月天上海演唱会从11月12号到11月21号连开八天，我觉得这不光是属于江浙沪的厮杀，这么多场、这么多张票，总有一张属于咱的吧？不管是哪的，都有机会参战了。票将于11月5日10:55开始预售，大麦想看人数以肉眼可见的速度飙升到快两百万了，祝福各位！ ​,0.6559409206327891
#五月天 还不开票#五月天上海场为什么还没有开票？怎么还不开票，8场总能看到一场吧！甚至还没宣 L自来水嗑学家的微博视频 ​,0.5157115849101391
【2019-2023.五月天JustRockIt蓝Blue2019上海站NO.4举办4周年】五月天怪獸被取新綽號全場想歪 團員一個比一個還樂 (軋車披星戴月的想你)#五月天justrockit蓝上海站4周年##everyday  is mayday# 阿信五月天 源转自油管，侵删 LEthan1282的微博视频 ​,0.59005886409309
五月天上海演唱会🎫即将开抢，这次的幸运儿又会有哪些呢，大麦现在已经有175w想看了，不知道后续还会增加多少#五月天 属于江浙沪的厮杀# L妖妖monster的微博视频 ​,0.7810203285360536
阿信五月天五月天演唱会 上海场注定是江浙沪的厮杀，顺便带上周边高铁4小时内到达的城市，祝大家抢票成功 ​,0.5730074195551698
五月天  又到11 且上海又要来了 s i 去的记忆开始攻击我  谁家11凌晨5点抢(还可以满-优惠的那种 ​,-0.5198187662516947
四年前的今天(191103)，蔡依林 + 五月天 - 玫瑰少年 @ Just Rock It 蓝 BLUE 上海场  L元气桃浦选手的微博视频 ​​​,0.6446802556800604
#五月天上海演唱会# 就把周末留给我们外地人吧 ​,-0.6350095470867949
不是才刚刚出时间吗#五月天 属于江浙沪的厮杀#,-0.5939329028137181
#五月天上海演唱会#有人帮忙抢票吗，有🧧 ​,-0.5295765388630345
#五月天 属于江浙沪的厮杀#信女一生行善积德 只为这一张门票🙏🙏 ​,0.5769174224111442
大家都周几去看五月天演唱会 我挑个人少的日子去 感觉抢到票的概率大#五月天##上海# ​,0.5451635487713165
#五月天 属于江浙沪的厮杀#谁能帮我啊啊啊啊啊啊啊啊我票呢我票呢让我有票吧拜托了🙏🙏 ​,-0.8171665519392293
全网都要看五月天上海场是不是 朋友圈都要摇人🥲 ​,-0.5564926119696265
票务上海五月天代拍 ​,0.6679451257208426
你们山东人吃啥长大的，人人特种兵，考编哪都有你们，抢票也是#五月天 属于江浙沪的厮杀# ​,0.5043812217211683
#老人深夜将女婴遗弃在小卖部门口#，医生判定孩子出生不满十小时，外表五官等初步检查正常。 L观察者网的微博视频 ​,-0.6310784570012503
#老人深夜将女婴遗弃在小卖部门口#又是一个可怜的女娃子，有什么隐情吗？家庭困难还是嫌弃女婴？蹲后续 ​,-0.5690010199275741
#老人深夜将女婴遗弃在小卖部门口#不知道的以为在看二十年前的新闻……一会儿又说彩礼贵一会儿又遗弃女婴。 ​,-0.7194100778360634
#老人深夜将女婴遗弃在小卖部门口#为什么要抛弃女婴啊是家庭出现什么困难无力抚养还是怎么了，但是无论怎么样也不能随便丢弃小孩呀她还那么小 ​,-0.8054513617068548
#老人深夜将女婴遗弃在小卖部门口#2023年了，居然还有人扔姑娘！扔女孩跟嫌弃女孩的还是那批人，法律意识淡薄。很容易查到的，附近几个村谁家有产妇，谁家已经生了2个以上女儿的 ​,-0.6890313448807766
#老人深夜将女婴遗弃在小卖部门口# 这一家子人是多么冷血啊，深夜也不知道有多冷就把一个新生儿丢在外面，而且小孩的父母也没出现。最好别是因为是个女娃而选择抛弃宝宝太无辜可怜了，希望已经在一个安全的地方了。 ​,-0.788575877000533
#老人深夜将女婴遗弃在小卖部门口#自己也是女性为什么要做出这种行为？要我说重男轻女的人都应该去亖！都这个年代了竟然还有人遗弃女婴？我不理解 ​,-0.7496067526007405
#老人深夜将女婴遗弃在小卖部门口#没想到现在还有抛弃女婴的做法 要是没人看到这个小孩子是不是就活不成了 即使处境困难也不要丢弃啊 如果是男婴的话还会丢弃吗 ​,-0.6749405000700006
#老人深夜将女婴遗弃在小卖部门口#不想养可以送给我，我想养，这是个人，别乱扔！2贵阳·贵州大学 ​,-0.551750417525564
#老人深夜将女婴遗弃在小卖部门口#一会又说找不到媳妇、彩/礼/贵，一会女婴又遗qi厉害哦，就是一群不养女孩又嚷嚷要免/费娶媳妇的人。你们倒是以身作则自己多配养几个女孩不用彩/礼嫁出去阿！你不养，我不养，哪来的女孩嫁给你们！ ​,-0.7887006932044125
#老人深夜将女婴遗弃在小卖部门口#“现在哪还有重男轻女了”“女性地位已经很高了” ​,-0.5567642177053687
#老人深夜将女婴遗弃在小卖部门口#可能有两个原因：1、女孩生下来的时候就有毛病，家人不想治疗把孩子给丢了。2、重男轻女思想影响，或者家里孩子太多了，已经养不起了。不论是哪两种可能，这些都是违法的！如果不想要那就不要让她出生，不然出生了又不要，不仅缺徳更违法！ ​,-0.9112858119740953
#老人深夜将女婴遗弃在小卖部门口#有没有后续  宝宝有安置好吗才出生不满十小时  好狠的心啊 ​,-0.5031932086447446
#老人深夜将女婴遗弃在小卖部门口#这是2023年不是1983年重男轻女果然是传播最广的邪教 ​,-0.6013749205619319
#老人深夜将女婴遗弃在小卖部门口# 抓回来坐牢可以吗？不懂法理解，但是不懂这是一条命吗？才出生10个小时啊！！！ ​,-0.7602406175031751
#老人深夜将女婴遗弃在小卖部门口#真tm丢人，丢人丢到全国人民那里去了，老逼登，这下全国人都知道你重男轻女了。 ​,-0.7979314593313709
#老人深夜将女婴遗弃在小卖部门口#支持绞杀所有重男轻女的人 ​,0.5147354886993988
#老人深夜将女婴遗弃在小卖部门口#天哪，没想到现在还有遗弃孩子的做法，是不是有什么隐情呀，蹲个后续 ​,-0.5913057423051494
#老人深夜将女婴遗弃在小卖部门口#这都2023了居然还有人这样，麻烦好好查查吧，出生不到十小时就被老人遗弃了，孩子的妈妈有可能都不知道孩子被送走了，没有母亲会舍得自己怀胎十月生下的孩子 ​,-0.9017521918952576
凤凰网娱乐《非常道》X李玟大姐李秋林、二姐李思林@李思林Nancy穿中国红旗袍亮相奥斯卡，“要为中国人找一片国际的天地。”“唱歌、做音乐她的灵魂就在了”，离世前夜还在和朋友欢聚唱歌。事业风光无限，婚姻却惨淡收场。二姐坦言，“女人都是情伤”。想把最后一口气留在舞台的「天后」，“ ​  展开c,-0.5076598336688691
#姐姐证实李玟曾两次轻生##二姐说李玟离世前夜还和朋友欢聚唱歌#前言不搭后语的消费逝者，前边说李玫离开前眼神空洞，需要陪护，今天说和朋友聚餐，那句话是真的？ ​,-0.772470384917862
#姐姐证实李玟曾两次轻生#李玟这么好的一个人，把最好的都展现在舞台上，好声音节目组真的不是人 L橘子只要136g的微博视频 ​,0.5112590833658166
#姐姐证实李玟曾两次轻生#真的球球李思林闭嘴吧 她一定不会因为一个烂男人做这样的事情              你简直是在侮辱她 ​,-0.7643811056255584
#姐姐证实李玟曾两次轻生#李玟姐姐证实CoCo曾两次轻生 ，被发现吞药脖子上有血痕，抑郁症很可怕的，很难走出来 L浅笑沂然的微博视频 ​,-0.8825315318503313
就像访谈节目中李玟说的：家里只有妈妈一个人要她，所以她要努力工作回报她妈妈。可怜的李玟活着养着姐姐却得不到关爱，死了还得被姐姐消费。#姐姐证实李玟曾两次轻生# ​,-0.5927517914624518
#姐姐证实李玟曾两次轻生#永远要先热爱自己 ​,0.7267038768186007
#姐姐证实李玟曾两次轻生#好痛心愿coco姐在天堂一切安好 ​,-0.6948933409792808
李玟@CoCo李玟 很抱歉 以这样的方式进一步了解你  那个步入死 也太不在乎你了 所以 有时候 不要试图为了不在乎你的人 努力去证明 挽回 步入死 我祝你步入死吧#姐姐证实李玟曾两次轻生# ​,-0.712313488458837
#姐姐证实李玟曾两次轻生#蓝台食不食油饼 ​,-0.5012625000000002
#ELLE风尚大典开始官宣了# ELLE风尚大典开始官宣了，好多熟人！迫不及待想看红毯了，你最期待谁#ELLE风尚大典好多熟人# ​,0.7182781239827698
🦊已经到达elle红毯现场，开始期待各位艺人的造型啦，你想看谁？#ELLE风尚大典开始官宣了##ELLE盛典内场嘉宾名单# ​,0.6547966292444388
魏大勋#ELLE风尚大典开始官宣了##ELLE盛典内场嘉宾名单#期待魏大勋@魏大勋 的红毯造型不敢想象这183的气质大帅哥在红毯上向镜头走来时，小咕该是多么快乐的小女嗨上@咪咕视频 一起回顾苏神魏大勋的《我的人间烟火》吧 ​,0.6586760422002578
赵丽颖和杨幂、迪丽热巴和杨紫都去，今晚elle风尚大典注定令人瞩目！目前elle置顶微博kp已经开启，迪丽热巴、杨紫、魏大勋占领前排，流量都好大啊！#ELLE风尚大典开始官宣了# #ELLE盛典内场嘉宾名单# ​,-0.6083709349275844
介么帅 #ELLE风尚大典开始官宣了#L摘一朵星星的微博视频 ​,-0.5012625000000002
#ELLE风尚大典开始官宣了#期待五年三大爆top花杨紫大美女今天的活动现场#ELLE盛典内场嘉宾名单#  L杨紫工作室的微博视频 ​,0.802456888654914
㊗️ELLE35周年生日快乐满怀热忱，继续前行#ELLE风尚大典开始官宣了# LTao7小旎紫爱吃肉肉的微博视频 ​,-0.5012625000000002
#ELLE风尚大典开始官宣了# 好期待丁程鑫ELLE风尚大典的红毯表现，他在祝福视频里是相当帅气的啦@时代少年团-丁程鑫 L心动完成时的微博视频 ​,0.8481546283373641
#ELLE风尚大典开始官宣了# ｜#刘雨昕elle风尚大典# 期待新生代唱跳天后刘雨昕期待90/95后女星高定断层第一刘雨昕今天一起来看刘雨昕呀@刘雨昕 #elle盛典内场嘉宾名单# ​,0.67182183363328
魏大勋 wdx#ELLE风尚大典开始官宣了#期待魏大勋@魏大勋 ​,0.8077883674117183
#ELLE风尚大典开始官宣了# 期待酷飒美一体自成风格的新生代唱跳天后、先锋多元时尚icon刘雨昕的红毯啰#刘雨昕ELLE风尚大典# 年内17套高定领跑第一【90&95后女星高定🔝】【女星杂志总榜&女星五大杂志榜销售额双第一】【95后女歌手万人巡回演唱会第一人】@刘雨昕#ELLE盛典内场嘉宾名单# ​,0.6856140332582709
直播入口很重要，公主王子们看过来先O网页链接O网页链接  从#ELLE风尚大典开始官宣了#进去先O网页链接 O网页链接 ​​​,0.6519783261681775
#ELLE风尚大典开始官宣了#已经开始期待迪丽热巴红毯了 ​,0.5647467842474266
#ELLE风尚大典开始官宣了# 有没有人猜热巴穿什么颜色的裙子我期待已久的红毯终于今天要来了 ​,0.5563795805414187
#ELLE风尚大典开始官宣了#期待小鬼王琳凯宝贝迫不及待要看了@小鬼-王琳凯 ，期待@ELLE  ​,0.804728606983135
#ELLE风尚大典开始官宣了# 真心期待热巴的红毯，今晚elle风尚大典迪丽热巴也去开心 ​,0.7059379588488877
期待你的出现@小鬼-王琳凯 #elle风尚大典开始官宣了#,0.8077883674117183
#杨紫说张小斐可以当歌手#我的乖宝杨紫唱歌也很好听！又交到新朋友了，开心，祝张小斐姐姐电影票房大麦，期待杨紫#ELLE风尚大典开始官宣了#的表现L馒头好雪雪的微博视频 ​,0.7006286959804822
#ELLE风尚大典开始官宣了##elle风尚大典# 美神降临@Dear-迪丽热巴 ​,0.6871650448701102
另一条被逆回🈳，elle新的 不要断层，点10个 先关O网页链接O网页链接  从#ELLE风尚大典开始官宣了#进去先关再点！关O网页链接 被逆❗️点10个O网页链接 ​,0.6090802746405117
#ELLE风尚大典开始官宣了# 模特出身的85🌸没来啊？时尚活动一般少不了她的 ​,0.6682204544499422
盘尼西林乐队剪影与三小只适配度拉满！《微博迎新之夜》阵容猜测时，网友辣评：“盲猜一下三小只”。幕后采访里这个网友的评论被正主本人回应了！“你们猜不出的三人组合一律按三小只处理是吧”！哈哈哈哈这不是还有我们滚圈三小只 盘尼西林 嘛~ ​,0.7494003173815262
三人组合一律按三小只来猜，好期待啊,-0.5010404017861988
#盘尼西林 盲猜一下三小只# 盘尼西林乐队剪影与三小只适配度拉满！滚圈三小只 盘尼西林 来啦~ ​,0.7692050301470645
#盘尼西林 盲猜一下三小只#盘尼西林主唱王俊凯 ​,0.5464864676451676
#盘尼西林 盲猜一下三小只# 微博迎新之夜阵容猜测，网友辣评：“盲猜一下三小只”。幕后采访里这个网友的评论被正主本人回应了！“你们猜不出的三人组合一律按三小只处理是吧”！ ​ 2厦门 ​,0.6615232326280275
#盘尼西林 盲猜一下三小只#哈哈哈哈哈什么三小只 ​,0.8455307188715843
#盘尼西林 盲猜一下三小只#🥺 ​,-0.5012625000000002
#盘尼西林 盲猜一下三小只# 是你们的十年，也是我们的十年，三小只现在虽然各自有不同的发展方向，但是三小只在我们心中是永远的青春记忆 ​,-0.5666743688490818
#盘尼西林 盲猜一下三小只##微博迎新之夜# 青年总是以赤诚的热忱怀抱世界，以澄澈干净的目光眺望未来，梦想的航道就在前面，准备好即将起飞！@盘尼西林乐队 为大学生们送上真诚寄语，祝愿大家未来可期，追光而行～ ​,0.7445655391288809
#盘尼西林 盲猜一下三小只#网友辣评盘尼西林的微博迎新之夜剪影也太像三小只了吧！盘尼西林：猜不出来一律按三小只处理是吧。这也太幽默了！期待他们的表现！ L杭州校园的微博视频 ​,0.8515920396132738
#盘尼西林 盲猜一下三小只# 微博迎新之夜阵容猜测环节，有网友评论：“盲猜一下三小只”。正主@盘尼西林乐队 本人回应了“你们猜不出的三人组合一律按三小只处理是吧”！ ​,0.6895086625230643
一名集建档立卡、低保，孤儿三重身份于一身的贫困生申请助学金不成反遭羞辱，名额却被富哥抢走。很遗憾以这种方式认识：天津中德应用技术大学。该事件不是第一例，但却是引起震动的第一例，望彻查并完善漏洞。#助学金事件当事人称已搬离宿舍##举报助学金被挤男生让网友别转钱了#  ​  展开c,-0.751904528532778
我个人感觉，助学金压根就不应该让学生来民主评议，这应该完全取决于家庭状况，大学生对钱对工资并没有什么具体的概念，不同家庭状况的同学认为的贫困也是不一样的；再者说，让那些同学在其他同学面前自揭伤疤本身是很残忍的事情，大学也是人情世故的小社会，如果可以直接提交申请材料让学校来评定更 ​  展开c,-0.8589642193181842
#助学金#以前我们班都是建档立卡啊、低保啊这类官方认证的一些贫困户直接给一档，其他的都是填表申请，然后同学互评。 ​,-0.5570336286916752
#助学金#我现在已经分不清助学金存在的意义到底是什么了，难道助学金不是帮助那些生活真正贫困的孩子完成学业的吗？ ​,-0.7552142171649022
#助学金#可能存在很多地方，当年读书的时候就有听说，制度的约束，权力的制衡。最重要的是人，是不是已经走在了历史的对立面。 ​,-0.820911991720801
#助学金#建档立卡贫困户用的都是iPhone助学金必享一档，经常去旅游，美甲衣服随便换。 ​,0.5686195729600511
#助学金# 回应什么？自己查自己？别查着查着又去解决提出问题的人了 ​,-0.6768906724756526
