text,classification
【#李克强同志遗体在京火化# 习近平李强赵乐际王沪宁蔡奇丁薛祥李希韩正等到八宝山革命公墓送别。胡锦涛送花圈表示哀悼 李克强同志抢救期间和逝世后，习近平李强赵乐际王沪宁蔡奇丁薛祥李希韩正胡锦涛等同志，前往医院看望或通过各种形式对李克强同志逝世表示沉痛哀悼并向其亲属表示深切慰问】新华社北 ​  展开c,0
#李克强同志遗体在京火化# 李克强同志的一生，是革命的一生、奋斗的一生、光辉的一生，是全心全意为人民服务的一生，是献身于共产主义事业的一生。李克强同志音容笑貌犹在，却已天人永隔。泪眼回顾过往，我们永远怀念。 ​,0
【#中国群众纷纷前往李克强故居献花#】11月2日，中国国务院原总理李克强的遗体在北京八宝山革命公墓火化。大批群众自发前往李克强的童年故居献花悼念，寄托他们的哀思。#李克强同志遗体在京火化##天安门下半旗悼念李克强同志# L今日俄罗斯RT的微博视频 ​,0
【#李克强同志生平照片#】中国共产党的优秀党员，久经考验的忠诚的共产主义战士，杰出的无产阶级革命家、政治家，党和国家的卓越领导人，中国共产党第十七届、十八届、十九届中央政治局常委，国务院原总理李克强同志的遗体，于今日在北京火化。李克强同志永垂不朽！↓↓#李克强同志遗体在京火化#(新华 ​  展开c,0
#李克强同志遗体在京火化# 李克强同志永垂不朽！ ​,0
【#李克强同志遗体在京火化# 习近平李强赵乐际王沪宁蔡奇丁薛祥李希韩正等到八宝山革命公墓送别。胡锦涛送花圈表示哀悼 李克强同志抢救期间和逝世后，习近平李强赵乐际王沪宁蔡奇丁薛祥李希韩正胡锦涛等同志，前往医院看望或通过各种形式对李克强同志逝世表示沉痛哀悼并向其亲属表示深切慰问】@新华社 ​,0
#李克强同志遗体在京火化# 【李克强同志遗体在京火化 习近平等到八宝山革命公墓送别】（新华社客户端）O网页链接【李克强同志生平】（新华社客户端）O网页链接【李克强同志生平照片】（新华社客户端）O网页链接 ​,1
#李克强同志遗体在京火化# L人民日报的微博视频 ​,0
【#李克强同志遗体在京火化#  习近平等到八宝山革命公墓送别】 O李克强同志遗体在京火化 习近平等到八宝山革命公墓送别 ​,0
#李克强同志遗体在京火化#(人民日报) L黄龙检察的微博视频 ​,0
【#李克强同志遗体在京火化# 习近平李强赵乐际王沪宁蔡奇丁薛祥李希韩正等到八宝山革命公墓送别。胡锦涛送花圈表示哀悼 李克强同志抢救期间和逝世后，习近平李强赵乐际王沪宁蔡奇丁薛祥李希韩正胡锦涛等同志，前往医院看望或通过各种形式对李克强同志逝世表示沉痛哀悼并向其亲属表示深切慰问】新华社北 ​  展开c,0
【#李克强同志遗体在京火化# 习近平李强赵乐际王沪宁蔡奇丁薛祥李希韩正等到八宝山革命公墓送别。胡锦涛送花圈表示哀悼 李克强同志抢救期间和逝世后，习近平李强赵乐际王沪宁蔡奇丁薛祥李希韩正胡锦涛等同志，前往医院看望或通过各种形式对李克强同志逝世表示沉痛哀悼并向其亲属表示深切慰问】中国共产 ​  展开c,0
【#李克强同志生平照片#】中国共产党的优秀党员，久经考验的忠诚的共产主义战士，杰出的无产阶级革命家、政治家，党和国家的卓越领导人，中国共产党第十七届、十八届、十九届中央政治局常委，国务院原总理李克强同志的遗体，于今日在北京火化。李克强同志永垂不朽！↓↓#李克强同志遗体在京火化#(新华 ​  展开c,0
【#李克强同志遗体在京火化# 习近平李强赵乐际王沪宁蔡奇丁薛祥李希韩正等到八宝山革命公墓送别。胡锦涛送花圈表示哀悼 李克强同志抢救期间和逝世后，习近平李强赵乐际王沪宁蔡奇丁薛祥李希韩正胡锦涛等同志，前往医院看望或通过各种形式对李克强同志逝世表示沉痛哀悼并向其亲属表示深切慰问】中国共产 ​  展开c,0
【#李克强同志遗体在京火化# 习近平李强赵乐际王沪宁蔡奇丁薛祥李希韩正等到八宝山革命公墓送别。胡锦涛送花圈表示哀悼 李克强同志抢救期间和逝世后，习近平李强赵乐际王沪宁蔡奇丁薛祥李希韩正胡锦涛等同志，前往医院看望或通过各种形式对李克强同志逝世表示沉痛哀悼并向其亲属表示深切慰问】 ​,0
【#李克强同志遗体在京火化# 习近平李强赵乐际王沪宁蔡奇丁薛祥李希韩正等到八宝山革命公墓送别。胡锦涛送花圈表示哀悼 李克强同志抢救期间和逝世后，习近平李强赵乐际王沪宁蔡奇丁薛祥李希韩正胡锦涛等同志，前往医院看望或通过各种形式对李克强同志逝世表示沉痛哀悼并向其亲属表示深切慰问】中国共产 ​  展开c,0
【#李克强同志遗体在京火化# 习近平李强赵乐际王沪宁蔡奇丁薛祥李希韩正等到八宝山革命公墓送别。胡锦涛送花圈表示哀悼 李克强同志抢救期间和逝世后，习近平李强赵乐际王沪宁蔡奇丁薛祥李希韩正胡锦涛等同志，前往医院看望或通过各种形式对李克强同志逝世表示沉痛哀悼并向其亲属表示深切慰问】中国共产 ​  展开c,0
【#李克强同志遗体在京火化# 习近平李强赵乐际王沪宁蔡奇丁薛祥李希韩正等到八宝山革命公墓送别。胡锦涛送花圈表示哀悼 李克强同志抢救期间和逝世后，习近平李强赵乐际王沪宁蔡奇丁薛祥李希韩正胡锦涛等同志，前往医院看望或通过各种形式对李克强同志逝世表示沉痛哀悼并向其亲属表示深切慰问】新华社北 ​  展开c,0
【#李克强同志遗体在京火化# 习近平李强赵乐际王沪宁蔡奇丁薛祥李希韩正等到八宝山革命公墓送别。胡锦涛送花圈表示哀悼 李克强同志抢救期间和逝世后，习近平李强赵乐际王沪宁蔡奇丁薛祥李希韩正胡锦涛等同志，前往医院看望或通过各种形式对李克强同志逝世表示沉痛哀悼并向其亲属表示深切慰问】中国共产 ​  展开c,0
【#李克强同志生平#】详情请看↓ O李克强同志生平 ​,0
【#李克强同志生平#】详情请看↓ ​​​ O李克强同志生平 ​,0
【#李克强同志生平#】详情请看↓ ​​​ O李克强同志生平 ​,0
#李克强同志生平# ​,0
【#李克强同志生平#】详情请看↓  ​via新华社 ​,1
【中国国务院总理 李克强】生平照片。#李克强同志生平##李克强同志生平照片# ​,0
【#李克强同志生平#】 O李克强同志生平 ​​​,0
【#李克强同志生平#】详情请看：O李克强同志生平 ​​​,0
【#李克强同志生平#】详情请看↓ ​​​O李克强同志生平 ​,0
【#李克强同志生平#】详情请看↓ ​​​  ​​​@人民日报 O李克强同志生平 ​,0
【#李克强同志生平#】中国共产党的优秀党员，久经考验的忠诚的共产主义战士，杰出的无产阶级革命家、政治家，党和国家的卓越领导人，中国共产党第十七届、十八届、十九届中央政治局常委，国务院原总理李克强同志，因突发心脏病，经全力抢救无效，于2023年10月27日0时10分在上海逝世，享年68岁。  ​  展开c,0
【#李克强同志生平#】详情请看↓ O李克强同志生平 ​ O李克强同志生平 ​,0
#李克强同志生平#详情请看↓（新华社）O李克强同志生平 ​,0
【#李克强同志生平#】详情请看↓ ​​​  ​​​,1
【#李克强同志生平#】详情请看↓O李克强同志生平（新华社） ​,0
【#李克强同志生平#】,0
#李克强同志生平#详情请看↓  O李克强同志生平 ​,0
【#李克强同志生平照片#】详情请看↓ O李克强同志生平照片 ​,0
#李克强同志生平照片#详情请看↓↓↓ ​,1
【#李克强同志生平照片#】 ​,0
#李克强同志生平照片#O网页链接图片来源@新华社 ​,1
#李克强同志生平照片# 图源：新华社O李克強同志生平照片 ​,0
#李克强同志生平照片# （图片来源：@新华社 ） ​,0
【#李克强同志生平照片#】详情请看↓   via新华社 ​,1
【#李克强同志生平照片#】中国共产党的优秀党员，久经考验的忠诚的共产主义战士，杰出的无产阶级革命家、政治家，党和国家的卓越领导人，中国共产党第十七届、十八届、十九届中央政治局常委，国务院原总理李克强同志的遗体，于今日在北京火化。李克强同志永垂不朽！↓↓#李克强同志遗体在京火化#(新华 ​  展开c,0
#李克强同志生平照片# ​,0
中国#李克强同志生平照片# （老友记）L黄龙检察的微博视频 ​,0
【#李克强同志生平照片#】O李克强同志生平照片 ​,0
【#李克强同志生平照片#】中国共产党的优秀党员，久经考验的忠诚的共产主义战士，杰出的无产阶级革命家、政治家，党和国家的卓越领导人，中国共产党第十七届、十八届、十九届中央政治局常委，国务院原总理李克强同志的遗体，于今日在北京火化。李克强同志永垂不朽！↓↓#李克强同志遗体在京火化#(新华 ​  展开c,0
【#李克强同志生平照片#】图片来源@新华社 ​,0
#李克强同志生平照片# ​,0
#李克强同志生平照片##李克强同志生平#（图片来源：@新华社 ） ​​​,0
【#李克强同志生平照片#】详情请看↓  ​O李克强同志生平照片 ​,0
【#李克强同志生平照片#】详情请看↓ （新华社） ​​​O李克强同志生平照片 ​,0
【#李克强同志生平照片#】  O李克强同志生平照片 ​,0
#李克强同志生平照片#一张张、一幕幕，记心头…… ​,0
#小鹏G6销量第一##小鹏G6#又双叒叕上榜了！10月蝉联20万以上中国品牌纯电SUV榜首！谢谢大家的喜爱，我们将坚持技术引领！智驾之王小鹏G6将持续领跑中国智能纯电SUV！ ​,1
这两天一直在试小鹏北京的XNGP，高速城区都有。有很多惊喜，看视频和真实坐在车里的感受完全不一样，建议大家一定要亲自试试小鹏10月交付了20000多台，评论区有木有提车的#小鹏G6销量第一# L姚昱-的微博视频 ​ O抽奖详情 ​,1
#小鹏G6销量第一#20-25万级唯一可以提供“大空间+高智能+超快充”的智能电动产品。大空间:4.7米级中型SUV最大空间体验，头部，腿部空间阔绰舒适，甚至还可以随时躺平，睡上一觉。高智能:截止目前唯一量产城市区域无图智能驾驶体验的产品。超快充:800V超快充实现10分钟补能300公里，20分钟充满10 ​  展开c,1
小鹏昨天公布10月交付破2万台，其中我同款的小鹏G6交付8741台，毫不意外的又一次拿到了20-25万纯电SUV月销量榜首，#小鹏G6销量第一# 的地位还是稳稳的！最近几天开在路上碰到了不少G6车主，看来小鹏G6产能交付提升速度很快！从体验方面来说，作为G6车主能给它打个9分，不错的XNGP智驾+泊车体验，加上 ​  展开c,1
#小鹏g6销量第一# 好好好好好好好好好🐮,0
#小鹏G6销量第一#太厉害了点赞小鹏 ​,0
#小鹏G6销量第一#跟海豹比哪个更好开？我觉得海豹还挺好看，周围都是。 ​,1
#小鹏G6销量第一#哇这么棒我也来凑凑热闹 ​,1
小鹏 G6 是 20 万以上国产纯电 SUV 的第一，证明了 G6 确实满足了很多人对于智能电动汽车的期望。如果说定语的话，其实我觉 20 万以上以及纯电的定语都很合理，只是完全没必要用中国品牌把 Model Y 卡出去，因为从实力上来看这个榜单里的大部分车型都比 Model Y 更强，只是 Y 的品牌红利依然在，祛魅 ​  展开c,1
#小鹏G6销量第一#一堆定语10月+20以上+国产+纯电+suv ​,0
小鹏负责媒体的漂亮小姐姐给我发了9、10月的榜单，问我这个G6车主怎么看。我看了的第一感觉：这榜单定语有点多然后我感觉自己可能过于耿直了，于是帮小鹏拆解分析了一下：“20万以上”是为了规避比亚迪元、宋，深蓝S7，埃安Y。这个没毛病，毕竟价位差距太大。“纯电动” ​  展开c,0
#小鹏G6销量第一#小鹏G6到底怎么样？带你沉浸式体验一下！ L戎车筱翼的微博视频 ​,1
#小鹏G6销量第一#试驾过，坐后面晕车，还是我不配坐 ​,0
【#李佳琦直播间疑为冲销量未付先送#！ 双十一忙中出错还是用力过猛？】#媒体评双11是否真低价#随着预售订单开启尾款支付，本届双十一物流进入高峰。蓝鲸记者了解到，由于各环节都在争抢速度，今年双十一订单“当天达”、“隔日达”的情况屡见不鲜，与此同时，也有部分消费者意外遭遇“未付先送”，质 ​  展开c,0
【#淘宝客服回应未付先送#：或为商家提前安排发货，若不想要可申请退款】#物流行业人士回应未付先送# 11月3日，有媒体报道称，#李佳琦直播间疑为冲销量未付先送# 。据消费者称，在李佳琦直播间下单了珀莱雅，付了定金但还没付尾款，但一早快递就来派送啦。消费者质疑是否系品牌或平台为冲销量有意为之 ​  展开c,0
#李佳琦直播间疑为冲销量未付先送# 发货的不是商家吗，怪李干嘛，他只是个卖货的，这个预送达持续好几年了吧，以前没人质疑现在怎么都跳出来了，大家不是嫌双十一发货慢吗，这不正好给你提速了，如果实在不喜欢不想买可以拒收啊…… ​,0
#李佳琦直播间疑为冲销量未付先送#我天 还可以这样 你真厉害呢 是不是因为双十一要到了 为了给自己搞销量直接免费送啦 不过大家现在都没有忘记之前的事情呢 不会在盲目了 ​,0
#李佳琦直播间疑为冲销量未付先送#这种集中支付尾款会导致短期流量压力暴增，为提升大促消费体验，会选择对预售进行预包，即提前把货发到各地市的集中仓提前打包，待用户支付完尾款后快速发货。但先送货后收尾款肯定不符合流程，会带来额外风险。 ​,0
#李佳琦直播间疑为冲销量未付先送#风向变了，大家都开始帮李佳琦说话了 ​,0
#李佳琦直播间疑为冲销量未付先送#我觉得差不多得了，这是背后神仙打架呗。 ​,0
#李佳琦直播间疑为冲销量未付先送#没事儿吧，东西自己下单的，送的快也有问题吗？我就喜欢下完单要是立刻拿到，简直不要太惊喜了好吧 ​,1
#李佳琦直播间疑为冲销量未付先送#笑鼠我了，这不是商家的事吗，咋啥都得带李佳琦，快递送的快了也不行，慢了也不行，事真多 ​,0
#李佳琦直播间疑为冲销量未付先送#李佳琦是真牛呀，双十一的快递真快，八点付尾款，十一点就送到，是怕我退货吗，都不给我退货的机会。 L触碰过魔法的微博视频 ​,0
#李佳琦直播间疑为冲销量未付先送#感觉互联网真神奇，前几天骂李佳琦的架势还以为再也没人去他直播间买东西了 ​,0
#李佳琦直播间疑为冲销量未付先送#无脑黑就显得恶心了噢 ​,0
#反对日本核污水排海，保护地球# 已经第三期了，没有热度了#李佳琦直播间疑为冲销量未付先送# 李的热度还一直在,1
#李佳琦直播间疑为冲销量未付先送#虽然但是，一开始的双11店家就是这么操作的啊，干嘛扯李佳琦？？？ ​,0
【#“双十一”购物防诈骗指南# 】“双十一”购物这些事情要小心！ “双十一”盯上你钱包的不止商家，还有骗子！@甘肃公安 为大家整理了一份防诈骗指南，让大家放心买买买！#李佳琦直播间疑为冲销量未付先送# @人民视频 L人民视频的微博视频 ​,0
#李佳琦直播间疑为冲销量未付先送#没什么问题啊 ​,0
#李佳琦直播间疑为冲销量未付先送#有一说一这个没啥的吧，今年双十一是主播战平台战没完没了了嘛，无聊…… ​,0
#李佳琦直播间疑为冲销量未付先送#这个就是冤枉他了吧，跟他又没关系啊，在其他店买的东西也有付了尾款马上来的啊不过今年也没怎么关注他直播间，买了两个珀莱雅都是靠自己凑出来的 还算好价嘛 2上海 ​,0
#李佳琦直播间疑为冲销量未付先送#太拼了 直接送这得亏多少钱,0
#李佳琦直播间疑为冲销量未付先送#真的是啥人都有啊，我要付完尾款，马上收到货，简直是意外之喜，高兴都来不及呢，不用每天盼啊盼的，啥都拿李佳琦垫背，也是绝了。。。首先，我不会上头冲动消费。其次，即便消费了，付完定金送到手了，这个东西日后也能用的上。最后，即便冲动了还用不上，我可以 ​  展开c,0
#李佳琦直播间疑为冲销量未付先送#今年好像都是付完尾款，第二天就到了 ​,0
【#重庆女生上下班坐14次扶梯获公司补贴#，网友：这泼天的富贵什么时候轮到我】重庆一女生分享自己最近收到的“意外之财”，起因是女生就职的公司最近搬至中国最深地铁站——红岩村地铁站附近，该站高低落差近40层楼，每天上下班进站出站共需乘坐14次扶梯，导致大家通勤时间大大增加，公司便决定设立通 ​  展开c,0
#重庆女生上下班坐14次扶梯获公司补贴#  重点是重庆这个地铁站落差近40层楼，不愧是重庆 ​,1
#重庆女生上下班坐14次扶梯获公司补贴#这女生真是享福，她的公司也太好了吧，为员工考虑得如此周到，如此泼天富贵什么时候到我这里呀。羡慕嫉妒恨。 ​,0
#重庆女生上下班坐14次扶梯获公司补贴#看到这里，我感觉这个公司关心员工很细心，而不是搞表面工夫而已。 ​,1
#重庆女生上下班坐14次扶梯获公司补贴#哈哈哈永远是别人家的公司 ​,0
#重庆女生上下班坐14次扶梯获公司补贴# 总是好羡慕别人 ​,0
#辽阔草原锡林郭勒# 【每户2吨！二连浩特市为农牧民发放平价暖心煤】10月31日，二连浩特市平价煤发放工作正式启动。第一批煤由市格苏木额尔登高毕嘎查牧民领取，随后各嘎查分批领取。收到消息后，牧民驱车前往指定地点领煤。记者在现场看到，在工作人员的引导下，凭票装车、过泵结算，一辆辆农用车满载 ​  展开c,1
#重庆女生上下班坐14次扶梯获公司补贴#这是一个神奇的城市，我导航了半天发现就在脚下 ​,0
#重庆女生上下班坐14次扶梯获公司补贴# 这又是别人的公司！那个啥，我的公司，你倒15次公交，也不会给任何补贴！#海生博语# ​,0
#重庆女生上下班坐14次扶梯获公司补贴#这样的公司我觉得很贴心了…上下扶梯都有给与补贴…不是每个公司那么好的…这家公司真的不错啊 ​,0
#重庆女生上下班坐14次扶梯获公司补贴#别人家的老板，慕了 ​,0
#重庆女生上下班坐14次扶梯获公司补贴#贴心！重庆一女生分享自己最近收到的“意外之财”，起因是女生就职的公司最近搬至中国最深地铁站——红岩村地铁站附近，该站高低落差近40层楼，每天上下班进站出站共需乘坐14次扶梯，导致大家通勤时间大大增加，公司便决定设立通勤补贴，十月底还考虑到员工的购物 ​  展开c,0
#重庆女生上下班坐14次扶梯获公司补贴#什么坐扶梯要钱啊？ ​,0
#重庆女生上下班坐14次扶梯获公司补贴#这就是别人口中的好公司，这么好的公司我怎么没有遇到 ​,0
【投资有风险！#男子100万投资电影亏了96万#】此前，江苏的小孙通过某影视公司的宣传营销，花了100万元购买了一部电影2.63%的投资权和收益权。原本以为电影上映后能赚大钱，结果最终却因为票房不佳，影视公司告知小孙只能分到4万余元，这让小孙难以接受，认为合同中存在欺诈，于是将影视公司告上法庭。 ​  展开c,0
#男子100万投资电影亏了96万#搜了一下，是《通往春天的列车》总票房才320万 ​,1
#男子100万投资电影亏了96万#电影水很深，这是普通人能玩明白的嘛？好电影能让你上车？ ​,0
投资电影，这真的是智商税#男子100万投资电影亏了96万#有人花了100万元购买了一部电影2.63%的投资权和收益权，原本以为电影上映后能赚大钱，结果最终却因为票房不佳，1.没有流量演员2.不是情怀3 没有资本4没钱买广告，最后。影视公司告知小孙只能分到4万余元。就不能先看看华谊兄弟的股价吗？从20 ​  展开c,0
#男子100万投资电影亏了96万#好好好就剩4w了 血亏 ​,0
#男子100万投资电影亏了96万#没有粉丝兜里，玩什么电影！有风险的有的电影选角选当红明星不就是为想把自己的风险降到最低 不论最后拍成什么样都会有粉丝兜底#诗画江西# ​,1
#男子100万投资电影亏了96万#投资有风险，一定要谨慎哦 ​,0
#男子100万投资电影亏了96万#还好我是一个保守派我就知道我这个瓜脑子不会这么聪明 ​,0
#男子100万投资电影亏了96万#这种东西感觉都靠运气，和炒股一个道理 ​,1
#男子100万投资电影亏了96万#投资电影，本来就是风险很大的。片方都没有把握一部电影上映后，能够大赚特赚，男子投资一部电影，就想赚钱，这有点痴人说梦的味道。投资有风险，投资需谨慎。自己的投资，确认了合同条款，盈亏自然自负，怪不得他人，怪只怪自己懂得太少，判断力太差。电影市场上，真正 ​  展开c,0
#男子100万投资电影亏了96万#这风险好大啊 ​,0
#男子100万投资电影亏了96万#深水区不带几个游泳圈也敢下去游泳，这胆子属实不小 ​,0
#男子100万投资电影亏了96万#所以投的是哪部电影 ​,1
#高叶30秒预告换了8套造型##高叶一人分饰多角#如何铸就一个角色？或许每个演员都是自己的导演！@高叶ChLoe 携手导演@钱宁黄Channing、特别出演@袁文康 合作短片《最美的表演》预告公开！叶子如何将“乃瑛”精准拿捏，正片见！ L最美表演的微博视频 ​,1
#高叶演绎演员的多重宇宙##高叶平行时空吻戏# @高叶ChLoe 《最美的表演》剧照曝光。内心丰富的演员总能够赋予人物灵魂与生命力，让角色变得更加立体。来和高叶一起进入她心中“乃瑛”的多重世界。#最美表演# ​,1
高叶#高叶演绎演员的多重宇宙# 镜头聚焦定格，热爱与期待同行。送上一波粉色的叶Sir@高叶ChLoe #最美表演# ​,1
胡歌在最美表演里再一次展示了作为演员的多面性，说话又损又娘的售票员，被通缉的逃犯周泽农，车站里惨兮兮的旅客，简单的台词和动作神情，胡歌演出了三段不同的人生，周泽农的前世今生。十年光影情长，表演永不退场！期待胡歌带来更多的优秀作品#胡歌##最美表演##胡歌最美表演# ​,1
#最美表演#嗯嗯我也来看看 ​,0
高叶#高叶演绎演员的多重宇宙# 细微之处，感无不通，穿行多重宇宙，解锁全新人生。来#最美表演# 和叶Sir@高叶ChLoe 一起坚守本心 ​,1
今天没领🧧的朋友抓紧领啦！现在可领超大🧧 ↓↓ #最美表演##中超共创新未来#,1
#高叶演绎演员的多重宇宙##高叶平行时空吻戏#@高叶ChLoe 在#最美表演#正片中的表现再一次证明了姐姐的可塑性，小美也特别好奇姐姐是怎么做到每一个造型都这么美的更重要的是…小美还有隐藏剧照等待艾叶们解锁哦！,1
高叶#高叶# X#最美表演# 摄影：田匡国（YOUNGCHIC ） ​,1
#最美表演#  厉害👍🏻 ​,0
#于适##适界那么大##最美表演# ​,0
#最美表演# 十周年，我来了如果…我是乃瑛。L最美表演的微博视频 ​,1
#最美表演#会是什么呢（给我蹭蹭） 2内江·内江市第二中学(交通路校区) ​,0
早八点，西安城墙下的景象，生机勃勃~今年，这么温暖的日子越来越少啦~#最美表演##故宫银杏壁纸# L西安碑林-白雪松的微博视频 ​,1
#文班亚马太夸张了# 太夸张了，你往天上抛，绝对能接着 这一场几个空接了..#谁能防住文班亚马# #马刺怎么投怎么有# L咪咕篮球的微博视频 ​​​,0
文班亚马刷新生涯最高：38分10篮板2助攻1抢断1盖帽15-26 ｜三分3-6 ｜罚球5-6真馋人啊天赋！ #文班亚马太夸张了# ​,0
文班亚马轰下38分10板2封盖，率队击败太阳！ #文班亚马太夸张了# ​​,1
【文班亚马38分个人集锦】马刺球员维克托-文班亚马出战34分钟，26投15中，其中三分球6投3中，罚球6投5中，得到38分10篮板2助攻1抢断2封盖。NBA球队重建完全就是看命啊🍋#文班亚马38分##文班亚马太夸张了##马刺vs太阳# L休斯顿火箭篮球的微博视频 ​,0
文班亚马38分了为什么为什么 你不是20年参加选秀 #文班亚马太夸张了# ​,1
#文班亚马38分#如同天上降魔主！文班亚马全场砍下38分10篮板2助攻1断2帽更多NBA讨论：O网页链接虎扑11月3日讯 今天NBA常规赛马刺客场对阵太阳的比赛已经结束。全场战罢，马刺以132-121战胜太阳。本场比赛，马刺球员维克托-文班亚马出战34分钟，26投15中，其中三分球6投3中，罚球6投5 ​  展开c,0
太阳连续两场成为马刺和文班的背景板，一场领先20分被大逆转，一场落后27分追平但功亏一篑。NBA赛场一切皆有可能，这场集合了太多因素。开场复出的布克低效，太阳自己懵逼，单节失误成吨+马刺神准，立刻栽进20分大坑。后续双方展开对攻，马刺在瓦塞尔伤缺的第三节火力下滑，但末节被追平后又迎来了超 ​  展开c,0
文班亚马今天有多夸张，请看大屏幕#文班亚马太夸张了# L王小愚儿的微博视频 ​,0
文班亚马对位杜兰特拿下38分10篮板，帮助马刺三天内两次战胜太阳#文班亚马38分# #文班亚马太夸张了# ​,0
【文班38+10！马刺双杀太阳！】NBA常规赛，马刺客场132-121力克太阳！#文班亚马38分#10篮板，科林斯19分8板4助，瓦塞尔17分，索汉14分5板9助；布克31分9板13助，杜兰特28分6板，阿伦16分4助。#文班亚马太夸张了# #马刺双杀太阳# ​,0
#文班亚马太夸张了#你说的对，这就是文班亚马，身高2.24臂展2.40体重102的球员。有后仰跳投有三分还能穿裆有变向甚至晃开防守只用1秒，只要两次变向。转换进攻时甚至可以急停命中三分球，还能造犯规加罚。然后盖帽和抢断后还能快速反击加速，原地大风车还能抢到前场篮板，然后还有隔人排球大帽展开双臂 ​  展开c,1
杜兰特人称小文班亚马”马刺在客场以132-121击败太阳。文班亚马全场26投15中，三分球6中3，罚球6中5砍下了生涯新高的38分外加10板2助1断2帽，正负值+21。（看回放私我）#文班亚马太夸张了# ​,1
“如果每次出手都合理 那还要超级巨星干什么” 。#文班亚马太夸张了# ​,0
杜兰特：完了！我成小文班了？美网友晒杜兰特与文班身材对比照#杜兰特对位文班亚马##文班亚马38分##文班亚马太夸张了# ​,0
文班亚马今日爆砍38分集锦！全场26投15中，爆砍38分10篮板2盖帽，最后时刻连拿5分杀死比赛，称霸内线的统治力正在来临！#文班亚马太夸张了# #文班亚马38分# L篮球精选的微博视频 ​,0
#文班亚马太夸张了#小杜？文班亚马还真是全面啊 ​,0
#马刺双杀太阳#【#文班亚马38分10篮板# 】马刺今日迎来与太阳的二番战。首节，马刺就取得了最多21分的领先，太阳在末节一度扳平比分，但未能完成逆转。最终马刺132比121连续两场战胜太阳。文班亚马半场20分，全场轰下38分10篮板，这是他生涯首次砍下30+。#文班亚马太夸张了# ​,1
维克托·文班亚马是自1992年沙奎尔·奥尼尔以来，第一位在职业生涯的前五场比赛中得到100分和10次盖帽的球员。他的38分是马刺新秀历史上单场得分第三多的球员。在此之前，只有大卫·罗宾逊达到这一水平#文班亚马太夸张了##马刺双杀太阳# ​,1
#含有肽字的护肤品 智商税#关于市面上一切含有“肽”字的护肤品，简单地说，是这么个事儿：人体，是动物界持续进化6亿年的杰作，肠道专门用来吸收营养，但它不肯吸收绝大多数的肽；皮肤专门用来隔绝外界物质，效果好到你泡澡都会口渴。所以居然有人在吹，说连肠子都吸收不了的东西，他的脸皮却能吸 ​  展开c,0
主打一个愿打一个愿挨。跟保健品一样，很多东西吃了后的效果和喝水差不多，只要吃不坏人就算好的了。注意饮食保证睡眠比那些东西有效。,0
就知道整这些花里胡哨的文字模糊大众，简单一点不好吗,0
#含有肽字的护肤品 智商税# 关于胜肽我的微博内多年前有介绍过，感兴趣可以在我的微博内搜索。先说结论，大部分添加胜肽的护肤品只是一个噱头，没有实际作用；少部分可能有一定作用，但是涂抹类的护肤品作用都非常有限。就像我一直强调皮肤需要的是“保湿”而不是“补水”，因为皮肤是防水的，不仅 ​  展开c,1
【#你买过含有肽字的护肤品吗#】#含有肽字的护肤品 智商税# 你买过含有肽字的护肤品吗 ​,0
怎样选出最适合自己的？戳图↓教你选对护肤品，转给爱美的TA！ ​​​#含有肽字的护肤品 智商税# ​,1
#含有肽字的护肤品 智商税# ​,0
#含有肽字的护肤品 智商税#这准吗，感觉已经踩过坑了 L橘子只要136g的微博视频 ​,0
#含有肽字的护肤品 智商税#以我这些年护肤经验来说，想要快速见效改变肌肤状态的，一律去做医美。个护帮助不大，医美才是王道。但几乎所有医美，都不可能一步到位，也不可能永远有效；不仅如此，还会有依赖性，部分还会产生副作用。此外，个护跟医美的价格，基本上是天差地别。买个护，两千 ​  展开c,0
#含有肽字的护肤品 智商税# 每次看到“让皮肤吸收”“肌肤喝饱营养”怎么怎么样，我就……九年义务教育学好是有必要的，不然人还以为靠皮肤吸收呢…，人体已经进化了，人脑也需要跟上，来看科普 Lwhy-甜份加毅的微博视频 ​,0
#含有肽字的护肤品 智商税#护肤品中尽量避免的成分，越早知道越好，避免踩坑！#兔砚# L兔砚的微博视频 ​,0
#含有肽字的护肤品 智商税#大部分坚持每天做美容的女人看着确实比同年龄的女人皮肤好一点，其实是因为长期坚持一件事量变引起质变，做好了基础护肤。但是还是要放平心态，人总会老去，太执着与这个老得更快。 ​,0
#含有肽字的护肤品 智商税#笑鼠，人文艺术博主科普“生化知识”骂人沙币，这件事本身比护肤品的智商税还智商税。 ​,0
#含有肽字的护肤品 智商税#【学到了！优质简历的9个细节】秋招进行时，一组简历优化小建议：①不要一张简历走天下，人岗匹配很重要。②字数不是越多越好，重点内容宜前置。③设计不要太花哨，简洁明了最有效。愿你早日收获心仪的offer！（人民网微博） ​​​,1
#含有肽字的护肤品 智商税#30秒测智商 O网页链接 ​​​,1
话题#含有肽字的护肤品 智商税# 登上热搜。#小浪问答时刻# ：你买过含有肽字的护肤品吗？ 你买过含有肽字的护肤品吗？ ​,0
#含有肽字的护肤品 智商税#嗯？尊嘟假嘟？感觉还是要看权威机构的说法这个人的说法好像也是带有自己个人观点的 ​,0
#含有肽字的护肤品 智商税#心态是最好的保养品过好当下少计较少内耗 ​,1
#含有肽字的护肤品 智商税#我丢 那多肽 寡肽啥的都是吗 ​,0
#含有肽字的护肤品 智商税#一天到晚好为人师的批判谁啊，智商税智商税，壮阳药里智商税更多，某些男的可没少买 ​,0
#含有肽字的护肤品 智商税#想看权威性说明，并不想看一张嘴叭叭说。 ​,1
【困难生举报舍友评上助学金  学校已成立专班调查核实 #助学金事件当事人称已搬离宿舍#】近日，天津中德应用技术大学在读学生小苏持续发布的有关“孤儿申请贫困助学金不成反遭欺辱”“实名举报贫困生评定舞弊”等视频引发热议。小苏称班内困难生助学金评定时，他作为“孤儿”未获得，而评上的学生中有 ​  展开c,0
分享图片 ​,1
【#巡视组回应天津助学金事件#】近日，天津一高校学生发布多条网络视频，称在助学金评选中遭遇不公对待，引发大量网友关注。发布视频的学生称: 自己是孤儿，却在班内困难生助学金评定时落选，而评上的学生中有的平日有高消费行为。11月3日，河北广播电视台记者致电天津市委巡视八组了解最新情况，工作 ​  展开c,0
#助学金事件当事人称已搬离宿舍#如果他说的属实，那就应该全国严查一遍！ ​,0
#助学金事件当事人称已搬离宿舍#现在各大学校的助学金就是个笑话，总有假货混到，真正的人望眼欲穿，这孩子挺勇敢的，就是动了别的肥肉以后的日子不好过啊，免不了被穿小鞋 ​,0
“你可以躲在角落选择沉默，但不要嘲笑甚至诋毁敢于发声的人，因为他们争取的阳光也会照到你身上”希望他能顺利毕业#助学金事件当事人称已搬离宿舍# ​,1
一名集建档立卡、低保，孤儿三重身份于一身的贫困生申请助学金不成反遭羞辱，名额却被富哥抢走。很遗憾以这种方式认识：天津中德应用技术大学。该事件不是第一例，但却是引起震动的第一例，望彻查并完善漏洞。#助学金事件当事人称已搬离宿舍##举报助学金被挤男生让网友别转钱了##助学金#   ​  展开c,0
#助学金事件当事人称已搬离宿舍#北京政法是以男生退学为结果。助学金还没结果，但男生已经被排挤出宿舍。优秀！ ​,1
#助学金事件当事人称已搬离宿舍#以前都是听说村里有钱有势的人享受低保，学校里穿名牌的富家子弟却摇身一变成了助学金的当事人，倘若此事为真，学校的反腐工作也是势在必行。网友：不要嘲笑任何一个抵抗不公的人，也许他们的努力争夺来的光明也会照耀在你身上。 L法律指南的微博视频 ​,0
#助学金事件当事人称已搬离宿舍#他没有错，但是很怕他以后工作因为这件事被拒毕竟在别人眼里这种行为相当于背叛……唉，饭都吃不起了，不知道得花多大的勇气。 ​,0
#助学金事件当事人称已搬离宿舍#现实中孤独的勇者，网络中激起的了一波浪花。我们都知道，最后也仅仅是浪花而已。 ​,0
【#高校学生举报助学金被挤事件最新进展#当事人称学校承诺给他评二等助学金3000元左右，并已搬离原宿舍】近日，一名天津中德应用技术大学的学生实名举报学校助学金分配不公，称名额被舍友挤占，引发热议。该学生表示，2日下午学校有关部门已联系他了解情况，承诺给他评定国家二等助学金（3000元左右） ​  展开c,0
#助学金事件当事人称已搬离宿舍#怎么感觉有种校园霸凌的味道呢？建档卡+低保+孤儿这不就是一档必须吗？毫无疑问嘛，关于人品，并不是不合群就是人品问题哦 ​,0
#助学金事件当事人称已搬离宿舍#啊这，真的是别寒了真正需要的人的心啊 ​,0
#助学金事件当事人称已搬离宿舍#我还记得我高中本来助学金名单上有我的，结果当时被穿着阿迪，拿着苹果手机的人给替代了，到头来班主任还假心假意的来找我说这件事，还当着我的面瞎说我家里有钱啥的 ​,0
图一是获得助学金的同学们说的话图二是没有获得助学金的同学说的话#助学金事件当事人称已搬离宿舍# ​,1
#助学金事件当事人称已搬离宿舍#部分高校教育领域的腐败和恶臭，必须严肃肃清毒瘤，助学金的评选如果还搞人际关系那套，就真的最该万死了 。如果连个相对稳定的客观的评价标准搞不出来，那这个学校干嘛不关门？难道是为了养一帮一天工作个把小时的废物吗？助学金绝不是学校的施舍，部分高校职工恶臭的 ​  展开c,0
#助学金事件当事人称已搬离宿舍#在一个充满竞争的社会，弱者的生存既依赖于政策的扶持，也需要依靠自己的表现去努力争取。无论是机会的争取者还是政策的执行者，都必须本着实事求是的原则开展工作。任何弄虚作假、诋毁诽谤、人身攻击的行为只会让机会的争取或者政策的执行变得更加艰难，最终损失只会是 ​  展开c,0
#助学金事件当事人称已搬离宿舍#啥反转？啥人品好啊坏？在评感动中国吗？说破了天人家也是建档立卡的贫困户，助学金就该人家拿。国家给你助学金不是让你省下学费买AJ的，那么能打工赚钱，建议学费也自己打工赚了，要啥助学金啊 ​,0
我个人感觉，助学金压根就不应该让学生来民主评议，这应该完全取决于家庭状况，大学生对钱对工资并没有什么具体的概念，不同家庭状况的同学认为的贫困也是不一样的；再者说，让那些同学在其他同学面前自揭伤疤本身是很残忍的事情，大学也是人情世故的小社会，如果可以直接提交申请材料让学校来评定更 ​  展开c,0
#助学金事件当事人称已搬离宿舍# 当他说出他知道饿两天有多绝望时真的绷不住了！这么苦命的孩子，你们还欺负他，还是人吗#天津中德应用技术大学通报助学金评定问题# L电影拆台君的微博视频 ​,0
【文班亚马38分集锦】文班亚马出战34分钟，26投15中，其中三分球6投3中，罚球6投5中，命中3记三分，狂砍38分10篮板2助攻1抢断2封盖🔥正负值高达+21！文班亚马关键时刻连续得分拯救球队，率马刺客场132-121战胜太阳，实现“双杀”！#文班亚马38分##马刺双杀太阳#LNBA的微博视频 ​,0
#NBA新赛季2023#【#文班亚马空接暴扣#】文班亚马借科林斯内线做墙，切入内线，琼斯外线发牌机器，文班亚马轻松起跳，平筐空接暴扣！#马刺vs太阳# LNBA的微博视频 ​​​,1
#文班亚马拥抱杜兰特# 惺惺相惜！文班亚马赛后拥抱杜兰特！#文班亚马38分# #马刺双杀太阳# L咪咕篮球的微博视频 ​,1
#马刺双杀太阳#【文班亚马38+10杜兰特28分 马刺132-121太阳】马刺在首节就取得了最多21分的领先，太阳在末节一度扳平比分，但未能完成逆转。最终马刺连续第二场客场战胜太阳。#文班亚马38分#10篮板，生涯首次得分30+，科林斯得到19分8篮板，瓦塞尔17分，索汉14分9助攻，琼斯12分10助攻。太阳方面，布克 ​  展开c,0
来啦！文班亚马在NBA的第一场30+！！！——26投15中，三分球6中3——砍下38分10篮板2盖帽——正负值+21，全场最高——最后时刻连得5分，杀死比赛这才是他在NBA的第五场啊，真是历史级别的天赋了#马刺双杀太阳# #文班亚马38分# ​,0
文班亚马38分10篮板，马刺双杀太阳，杜兰特被叫“小斑马”（想看比赛回放的私我）#马刺双杀太阳# ​,0
#马刺双杀太阳#【#文班亚马38分10篮板# 】马刺今日迎来与太阳的二番战。首节，马刺就取得了最多21分的领先，太阳在末节一度扳平比分，但未能完成逆转。最终马刺132比121连续两场战胜太阳。文班亚马半场20分，全场轰下38分10篮板，这是他生涯首次砍下30+。#文班亚马太夸张了# ​,1
【文班38+10！马刺双杀太阳！】NBA常规赛，马刺客场132-121力克太阳！#文班亚马38分#10篮板，科林斯19分8板4助，瓦塞尔17分，索汉14分5板9助；布克31分9板13助，杜兰特28分6板，阿伦16分4助。#文班亚马太夸张了# #马刺双杀太阳# ​,0
▫️球员集锦//维克托-文班亚马今日38分集锦▪️马刺今天客场132-121双杀太阳文班亚马出场34分钟21秒，26投15中，其中三分6中3，罚球6中5，拿到全场最高的38分10篮板外加2助攻1抢断2盖帽2失误的数据🌟38分是文班亚马个人职业生涯新高🌟38分是马刺队史新秀得分第三高，前二（41分、39分）都 ​  展开c,0
维克托·文班亚马是自1992年沙奎尔·奥尼尔以来，第一位在职业生涯的前五场比赛中得到100分和10次盖帽的球员。他的38分是马刺新秀历史上单场得分第三多的球员。在此之前，只有大卫·罗宾逊达到这一水平#文班亚马太夸张了##马刺双杀太阳# ​,1
#马刺双杀太阳#我刺向来是会用状元的 ​,0
#马刺双杀太阳#马刺打谁都打不过，就打太阳来劲！ ​,0
#向太 今早李连杰还和我请安啊##向太辟谣李连杰去世# 11月3日，网传#李连杰#去世，引发热议。刚刚，@向太Tiffany陳嵐 发微博辟谣，她写道：“你到底死了多少回？又传你走了！今早你还和我请安啊！” ​​​,0
@李连杰 你到底死了多少回？又传你走了！今早你还和我請安啊！🤣“无无明，亦无无明尽，乃至无老死，亦无老死尽。你新📕出了，说明你已经超越了生死！别介意人家乱传谣言了好吗？ ​,0
握草，我刚才看成了@李杰灵 你到底死了多少回？我说向太啥时候和李杰灵联系上了,0
#向太辟谣李连杰去世#造谣别人去世，什么缺德的人 请安？不愧是一件衣服二十多万的，一般人都得请安问好以示尊重，老佛爷好L骑着狮子私奔的微博视频 ​,0
#向太辟谣李连杰去世#李连杰和向太关系挺好的感觉，上次也发生过这个事情还是李连杰亲自提的。 L楠楠每天都要开心的微博视频 ​,0
#向太辟谣李连杰去世# 为什么会有这种传人亖的传言，真的很过分啊！ L爱逸菲浅Luck的微博视频 ​,0
#向太辟谣李连杰去世#请安？？她怎么每次都要流露出一种高高在上的姿态啊，她是太后吗？？ ​,1
#向太辟谣李连杰去世#造这种谣言是对这些黑子有什么好处吗？？？生老病死虽说很正常但是造谣可耻 ​,0
#向太辟谣李连杰去世#  怎么可能每天跟你问候早安？！你是他妈么？他很忙的好吗？他只需要向他老婆问候早安。 ​,1
#向太辟谣李连杰去世#《请安》！李连杰虽然不是李莲英，但是向太也是太！ ​,1
#向太辟谣李连杰去世# 太缺德吧！为什么爆料去世啊 ​,0
去年李连杰老师参加活动感觉状态很不错呀！只不过不是记忆中那个样子了！你觉得李连杰老师60岁的状态怎么样？#向太辟谣李连杰去世# L酒徒回来啦的微博视频 ​,1
#向太辟谣李连杰去世# 啥情况怪不得看到有名字rs，一天天的传这种谣言不好吧 ​造谣一张嘴，也可能是一个键盘，辟谣跑断腿啊 ​,0
#向太辟谣李连杰去世#？？？到底谁总造谣别人去世！这个真的很过分！别说明星了，普通人这个也没办法接受吧！看看李连杰的真功夫！ L酷到没名字666的微博视频 ​,0
#向太辟谣李连杰去世#请安？这是把小李子当成家奴了吗？ ​,1
#向太辟谣李连杰去世#造谣别人去世的人真应该进去蹲一段时间再出来 ​,0
#向太辟谣李连杰去世#这太离谱了，人在家中坐，棺从天上来 ​,0
#向太辟谣李连杰去世# 这种事还要造谣的人怎么想的,0
【#披荆斩棘#EP10五公·下微直播】@李玖哲NickyLee @陈楚生 @宝石Gem @王栎鑫 all black造型演唱经典“莫式情歌”《他不爱我》，深情男嗓里的心酸无奈全部藏在歌里“他不爱我，尽然如此，他还是赢走了我的心”。#披荆斩棘大有可V#《披荆斩棘》EP10五公·下正在热播中，每周五周六中午12:00，单更双更， ​  展开c,0
#陈楚生 他不爱我# 五公舞台🎤勇敢去爱，留下热烈和坦荡。陈楚生  #披荆斩棘# ​,1
#他不爱我##披荆斩棘# 陈楚生两句封神，抖人又要开始求全曲了！我一起求！@陈楚生 🆘 L熊小猫儿的微博视频 ​,0
心心念念的 #他不爱我#终于播出了，其实在上周博主就听过很多遍泄露版本了，个人最喜欢陈楚生的演唱，这首歌刚刚开始就被陈楚生那特别声音给带进去了，后面各位哥哥们唱的也很出色的，如李玖哲真是唱情歌的一把好手，全场最惊喜的是陈楚生的那个高音，对我的耳膜真的不要太友好。 LMusic_Data的微博视频 ​,1
#陈楚生 他不爱我#陈楚生无论是个人秀还是合作舞台，截止到现在，陈楚生在披荆斩棘为我们呈现了《原来的我》《红日》《无数》《思念一个荒废的名字》《行走的鱼》《卡拉永远OK》《爱人错过》《光明》《落叶归根》《动物世界》共10个精彩绝伦的舞台接下来让我们一起期待陈楚生接下来在节 ​  展开c,1
#陈楚生 他不爱我#听说@陈楚生 在《披荆斩棘》要唱《他不爱我》吗，让我们一起期待陈楚生的《披荆斩棘》舞台吧!#秋日有fun#L盛世美颜是我脑婆的微博视频 ​,1
#他不爱我#他不爱你，我爱你呀（怒音）！！陈楚生 ​,0
#他不爱我#收藏歌单+1这首歌的人员配置整季最喜欢了生哥，灏明0713最喜欢的两个音色九折太适合唱情歌了期待出一个solo版本的宝石.迪克牛仔.老舅唱得也好听 ​,1
#他不爱我##陈楚生披荆斩棘# 质疑抖人，理解抖人，成为抖人。求陈楚生唱他不爱我全曲谢谢！#陈楚生他不爱我高音穿透力# ​,0
#他不爱我#他不爱我值得第一 ​,0
#他不爱我# 但歌迷超爱陈楚生的 走心就是音乐最好的利器 #陈楚生披荆斩棘#,1
#他不爱我#排名令人失望 ​,0
#陈楚生 他不爱我#,0
演出前几天临时换歌，组员重新分配，编曲重新开始，分数统计现场出错，没有华丽的舞美只有动听的歌声，这些都没有影响作品的质量，这就是陈楚生，也只有陈楚生阵营才能塑造这首歌曲，阵营所有人都非常优秀，成团夜加油！🔥🔥🔥🔥🔥🔥#陈楚生 他不爱我##陈楚生李玖哲老舅王栎鑫他不爱我#,1
#他不爱我#❤️#王栎鑫披荆斩棘# 枪版听了三天了，今天再听也还是眼眶湿润，王栎鑫会有越来越多的人爱你的@王栎鑫,0
#他不爱我##陈楚生李玖哲老舅王栎鑫他不爱我# 披荆斩棘第三季最佳 ​,1
@李连杰 你到底死了多少回？又传你走了！今早你还和我請安啊！🤣“无无明，亦无无明尽，乃至无老死，亦无老死尽。你新📕出了，说明你已经超越了生死！别介意人家乱传谣言了好吗？ ​,0
#李连杰#别特么造谣，黄飞鸿方世玉洪熙官陈真令狐冲觉远张三丰张无忌霍元甲许正阳巩伟之真人李连杰要是去世了，劳资真要哭的 ​,0
#向太 今早李连杰还和我请安啊##向太辟谣李连杰去世# 11月3日，网传#李连杰#去世，引发热议。刚刚，@向太Tiffany陳嵐 发微博辟谣，她写道：“你到底死了多少回？又传你走了！今早你还和我请安啊！” ​​​,0
李连杰被传闻去世，应该是假新闻，看了一下李连杰今年才60岁！但是他的近照看起来好苍老啊，比起他同龄差不多的刘德华，真的状态不行，更不用说成龙了，成龙比他大十岁，现在还在孜孜不倦的拍打戏！服了。李连杰患有甲亢，感觉还是蛮严重的。 #李连杰# ​,0
#李连杰#好喜欢这部电影，永远的经典 L唯c爱c呀的微博视频 ​,1
#李连杰# 啊这，第一眼看就挺假的，也是古早谣言套路了。 ​,0
#李连杰# 那股狠劲帅气逼人 L娱圈熊熊的微博视频 ​,1
李连杰：别过高的估计自己，其实啥也不是。真是人间清醒 Lo小怂包的微博视频 ​ #李连杰# ​,0
电影《少林寺》李连杰、于海、丁岚、计春华、于承惠联袂主演。#李连杰# via L澎湃春秋的微博视频 ​,0
#李连杰#莫名其妙又出来这么个热搜《给爸爸的信》（又名《赤子威龙》)的精彩动作场面不少，李连杰、谢苗父子俩联手大战于荣光这场戏算是名场面了。那会儿的谢苗锐气十足，风头甚至盖过了梅姑李连杰和于荣光。如今，他也走出了自己的路了。于荣光的反派演绎的真是独树一帜。一众配角里，小黑 ​  展开c,1
#李连杰# 说李连杰去世的是一个野鸡外国网站，大概率是假的。不过李连杰这两年身不大好是真的。信佛也没让他身体好些。 ​,0
#李连杰#突然上大名rs是要干嘛 ​,1
#李连杰#造这种谣言都是怎么想的？ ​,0
#李连杰#人生就是从烦恼走过，去寻找人生的智慧，揭示人生的真谛！ 2武汉 ​,1
#李连杰#这么造谣，你没事吧？ ​,0
#李连杰# 李连杰几乎每年都“被迫去世” ​,0
#李连杰#请安这词用的果然很向太。#向太 今早李连杰还和我请安啊##向太辟谣李连杰去世# ​,1
#向太辟谣李连杰去世##李连杰#这都多少回了？五年前就开始传他去世的消息…… L香港电影漫谈的微博视频 ​​​,0
#向太辟谣李连杰去世#棍啊，人家明明活的好好的，造💊的人小心反噬#李连杰# ​,0
【中字】#曝多名篮网球员与啦啦队成员发生关系# ：  —— 前篮网啦啦队员爆料：“当我还是篮球啦啦队员时，我和球员们发生过关系，球队不允许我们这么做，但我认为我有和球员约会的权利，这不会损害我的名誉。” L洛译篮球的微博视频 ​ ​​​,0
前篮网啦啦队队长透露，她在上赛季和多名篮网球员发生过关系，她不愿意透露这些人的姓名，但也给出线索“他们不是替补球员。”随后大桥转发这条新闻，自行辟谣：我那会还是太阳队球员。#曝多名篮网球员与啦啦队成员发生关系##nba开新大集# ​,0
前篮网啦啦队队员透露，她在上赛季与多名篮网队员发生性关系。这位啦啦队员并未指名道姓，但她指出那几个球员并非替补。篮网队员“大桥”米卡尔-布里奇斯赶紧澄清：“当时我还在菲尼克斯太阳呢。”#曝多名篮网球员与啦啦队成员发生关系# ​,1
笑的裤衩子撕开了。篮网拉拉队说她和多名篮网球员发生过关系，还都是首发球员。篮网球员布里奇斯转发说，他那时候是太阳球员。（是不是有遗憾的成分，心想怎么不早点把我交易过来）格威转发配了一个Aliza Jane的图，这个名媛在上赛季表示，他曾和7名太阳球员发生关系。布里奇斯回格威 ​  展开c,0
#曝多名篮网球员与啦啦队成员发生关系#球员和拉拉队员都是荷尔蒙爆表活力四射身体棒的年轻人，又能经常接触到，搞在一起很正常啊 ​,0
#曝多名篮网球员与啦啦队成员发生关系# 不知道为什么 感觉很正常 美剧也都这样演的 ​,0
#曝多名篮网球员与啦啦队成员发生关系#其实也没有，特别意外就是说 ​,0
#曝多名篮网球员与啦啦队成员发生关系#没有谁会无条件陪你，连影子也会在阴天缺席！ 2武汉 ​,0
#曝多名篮网球员与啦啦队成员发生关系#早有预料 感觉这事很常见了 ​,1
#曝多名篮网球员与啦啦队成员发生关系#又刷到这条了 那就再吐槽一次吧 能不能管好自己的… ​,0
#曝多名篮网球员与啦啦队成员发生关系#可能我思想有问题，我感觉这种在国外事情不奇怪 ​,0
#曝多名篮网球员与啦啦队成员发生关系#篮球圏的不会不知道什么叫骨肉皮吧。这还值得一个新闻？她们贴的多厉害，不知道。？ ​,0
#曝多名篮网球员与啦啦队成员发生关系# 大桥自证清白“我当时还在太阳呢”，格威送出杀手锏，晒出黑衣女模图片，该女模曾表示在2018年酒店一夜“车轮战”太阳布克在内的七名球员。 ​,1
#曝多名篮网球员与啦啦队成员发生关系#外面不都玩的很开我都不意外了 ​,0
赵丽颖官宣elle盛典，黑发公主切造型好美 ​,1
重聚此刻，致敬风格。“祝ELLE35周年生日快乐，发现更多美好。 ”@赵丽颖 #ELLE风尚大典##重聚致敬# ​,1
#赵丽颖黑发公主切#这个造型真的超好看！ L胖颖飞刀呀的微博视频 ​,1
#赵丽颖黑发公主切#这套真的绝美，赵姐黑发永远的神，镜头感十足，elle很会拍。 ​ ​,1
#赵丽颖##赵丽颖沈璃# 好烦 有点想赵丽颖 #赵丽颖黑发公主切# ​,0
#赵丽颖黑发公主切##赵丽颖# 说到赵丽颖黑发公主切，不得不提这个造型了！幻梦烛影，玫瑰低语！每一个眼神都触动心弦，被动态的@赵丽颖 蛊到了！L赵丽颖工作室的微博视频 ​,1
#赵丽颖黑发公主切# ｜ #赵丽颖# 真的超爱赵丽颖的ELLE花絮～眼神鲨美晕我 L浪味小宇宙_ing的微博视频 ​,0
赵丽颖#赵丽颖黑发公主切# 超喜欢这组Elle的开年刊！真的很飒@赵丽颖 ​,1
#赵丽颖黑发公主切#公主切必须这套！ YYDS ​,1
#赵丽颖##赵丽颖黑发公主切# 喜欢喜欢EllE这这封超美丽 但赵丽颖应该不去吧 ​,1
赵丽颖#赵丽颖沈璃#zly#赵丽颖李红樱#zly#赵丽颖黑发公主切# 至少在我的世界里，神创造夏天是为了更好的描摹你的样子.@赵丽颖 ​,1
#赵丽颖黑发公主切#好看啊这个发型 ​,1
#赵丽颖黑发公主切#芜湖～姐姐好美 ​,1
#赵丽颖黑发公主切#美晕 ​,1
#赵丽颖黑发公主切#好想赵丽颖啊啊啊啊啊啊 ​,0
赵丽颖#赵丽颖黑发公主切#好的知道赵丽颖是公主了 ​,1
#赵丽颖黑发公主切#喜欢😍好好看 ​,1
#赵丽颖黑发公主切#甜酷的感觉，好好看 ​,1
#赵丽颖黑发公主切#之前见过丽颖姐一回的公主切 真的很酷炫  姐姐好适合这种 美女就是给我夸！ ​,1
#赵露思痛失本名# 姜昆：很多人给我介绍没有介绍她的姓，我知道她叫露思，我还以为她姓胡呢露思：胡~露思~哈哈哈哈哈哈哈哈哈我们露思一不小心痛失本名 #火星情报局# L综艺少女的日常的微博视频 ​​​,1
#火星6全员破防文学开播# 我发现！火星人和地球人都很容易破防！想知道我的破防故事吗？今天12点#火星情报局#6 见～ ​,0
#火星情报局#妈妈特工们来006号会议厅报到啦速速登舱，快乐航班马上起飞探索火星机密，常备999小儿感冒药无惧火星挑战，妈妈特工特安心 ​,1
#赵露思痛失本名#这一段笑的我脸痛 葫芦丝哈哈哈哈哈哈哈哈哈哈哈哈 L航航小小酥的微博视频 ​,1
#赵露思痛失本名#薛哥说什么大实话这yhky不得破防4️⃣“要不是赵露思在公司公司就要倒闭” L超能撸猫队的微博视频 ​,0
#赵露思痛失本名#是谁等不及要看火星露了！！！ L-厚乳的微博视频 ​,0
#赵露思痛失本名# 对 她现在是批发赵姐的老婆 ​,1
赵露思 💜 #赵露思痛失本名#葫芦丝、赵肉丝、赵露露、肉丝ㄦ都是我们最可爱萌萌哒的赵露思#赵露思# ​,1
#赵露思痛失本名# 欢迎大家来看我老婆 ​,1
#赵露思痛失本名#赵露思的综艺感真的不错，有很多梗，也会自己cue自己，开玩笑也非常大大咧咧，为什么她没有像迪丽热巴那样吃到综艺红利？ ​,1
#赵露思痛失本名#真的太搞笑了，家人们不过，露思又有新的名字了 ​,1
#赵露思痛失本名#葫芦丝哈哈哈哈 ​,1
#赵露思痛失本名##明星妆容大赏##美出圈# 超详细干货！5秒拿捏赵露思同款清纯女高妆容教程都在图里啦~~~只教思路和技巧，纯纯干货！看完秒懂~适用于大部分普通女孩的妆容思路尤其是淡颜姐妹，从“那个女的”变到一眼美女，妆容看这一篇就够啦 ​,1
#赵露思痛失本名# 啊啊啊啊啊啊啊啊啊啊啊啊这是我老婆！！！不许和我抢！！！！,0
#赵露思痛失本名# 葫芦丝嘛，哈哈哈哈赵露思多了一个新昵称呢，葫芦丝也好可爱哎 ​,1
#赵露思痛失本名# 继赵得柱之后又出现葫芦丝，还有肉丝。 ​,0
#赵露思痛失本名#好惨痛失本名哈哈哈哈哈哈哈哈哈哈哈哈哈哈哈哈哈哈 ​,1
#赵露思痛失本名# 没人在乎你 大姐 ​,0
#赵露思痛失本名#哈哈哈哈哈哈哈 ​,1
【#李玟弥留之际老公才出现#】#李玟老公曾打电话问李玟死了吗#在凤凰网非常道栏目中，二姐称李玟出事时，老公Bruce正在旅途中，所以不是事情刚出就有到场，而是在李玟差不多不行了的时候才出现，大姐回忆称，李玟命悬一线时，老公Bruce打电话问她发生了什么事，并问“她死了吗？”，而不是关心李玟目前 ​  展开c,0
Coco 生前遭遇这么多不公，难道家人没权利帮她讨回公道吗？你们一个个说她们消费Coco，你们良心过得去吗？希望你们不要遭遇失去家人痛苦。#李玟弥留之际老公才出现# ​,0
#李玟弥留之际老公才出现##姐姐证实李玟曾两次轻生# 希望姐姐李玟在天堂一切都好 ，永远开心快乐L烟花三月下江南-的微博视频 ​,1
#李玟弥留之际老公才出现#哎，希望李纹一路走好！后续的事情有一个好的结果！听一次难过一次的想你的365天！ L酷到没名字666的微博视频 ​,0
#李玟弥留之际老公才出现#死老头，死一百次也抵不了coco一条命 ​,0
李玟为挽救婚姻打排卵针求子 总共打了9针，过程很痛苦李玟          #李玟##李玟弥留之际老公才出现##娱乐# L深巷De流浪猫的微博视频 ​,0
#李玟弥留之际老公才出现#…给她一个安宁吧 一直拿她出来当话柄一直说说说有什么意思呢？ ​,0
焦点坊谈 李玟老公现身火葬场，惨遭众人围堵，粉丝情绪失控大骂没良心#李玟弥留之际老公才出现##李玟老公曾打电话问李玟死了吗# L椒哥微记录的微博视频 ​,0
#李玟弥留之际老公才出现# 这是CoCo留给大家最后的道别，看的哭了！感谢AIL励志史的微博视频 ​,0
凤凰网娱乐《非常道》X李玟大姐李秋林、二姐李思林@李思林Nancy穿中国红旗袍亮相奥斯卡，“要为中国人找一片国际的天地。”“唱歌、做音乐她的灵魂就在了”，离世前夜还在和朋友欢聚唱歌。事业风光无限，婚姻却惨淡收场。二姐坦言，“女人都是情伤”。想把最后一口气留在舞台的「天后」，“ ​  展开c,0
#李玟弥留之际老公才出现#别再消费逝者了 ​,0
#李玟弥留之际老公才出现#她那个老外前夫的事情我们很难管得到！但李玟的事情就这样结束了么？并没有！至少烂声音还没得到应有的惩罚包括那个柳女士！所以一些人别再说消费coco了！直到坏人得到严惩前。依旧需要热度需要发声！ ​,0
#李玟弥留之际老公才出现#现在说这些都没有用了她已经走了 ​,0
【#男子回应退婚用16.8万彩礼辞职旅行#：临近婚期又要加3万，与其欠债不如去旅游】山西一男子因高彩礼退婚，拿16.8万辞职旅行，“我早已接受要出18.8万的彩礼。在家乡彩礼基本都是这个价格。可临近婚期，女友说还想要3万的五金钱，我实在是没钱了，很郁闷。”之后，朱先生决定逃离。11月2日，记者与 ​  展开c,0
#男子回应退婚用16.8万彩礼辞职旅行#“但其实每次相亲我都有点难受，我跟女生一起吃海底捞，看电影啥的，可我父母从来没吃过海底捞。”“我也挺心疼我父母的，他们很多地方都没去过，还一心想着要给我买房子。”说完这些，然后辞职一个人去旅游享受世界了？ ​,0
#男子回应退婚用16.8万彩礼辞职旅行#  支持男生退婚，但是前面说觉得父母可怜没去旅游过然后反手自己一个人去旅游……我以为他会带爸妈一起旅游的哈哈哈哈 ​,0
#男子回应退婚用16.8万彩礼辞职旅行#临时加钱一看就是闺蜜撺掇的结果，男方的选择是对的，这种女人只会越来越贪得无厌，血汗钱全用在她身上还换不来一个好脸色，还不如用在自己身上或者孝敬父母。毕竟你花2000买礼物给她，她还嫌你抠门，你花2000买礼物给父母，父母会开心好一阵。还有，原博评论区 ​  展开c,0
#男子回应退婚用16.8万彩礼辞职旅行#朱先生介绍，他和女友是通过相亲认识的，“谈了差不多8、9个月，觉得时间到了，就准备结婚了。”朱先生称，彩礼18万8是当地的“正常行情”，“我们那叫‘大包’，这个钱就包括了婚纱照、三金钱这些。18万8我自己有16万8的积蓄，还有2万是找朋友借的。”过了一段时间 ​  展开c,1
#男子回应退婚用16.8万彩礼辞职旅行#新中国第一部法律叫做《婚姻法》。这部《婚姻法》第一章有两条原则：第一条废除包办强迫、男尊女卑、漠视子女利益的封建主义婚姻制度。实行男女婚姻自由、一夫一妻、男女权利平等、保护妇女和子女合法利益的新民主主义婚姻制度。第二条禁止重婚、纳妾。禁止 ​  展开c,0
#男子回应退婚用16.8万彩礼辞职旅行# ？？？心疼父母？ 好搞笑的说辞，谁不让你带父母吃海底捞和去旅游了吗？既然那么愧疚就去行动，光说不练假把式。 ​,0
#男子回应退婚用16.8万彩礼辞职旅行#5个多月走了四十多个城市才花了三万多，这经历多么难得，但要是结婚了，可能吗？有这时间吗？即便有，出去旅行，老婆能让住青旅吗？那费用就蹭蹭上去了。“但其实每次相亲我都有点难受，我跟女生一起吃海底捞，看电影啥的，可我父母从来没吃过海底捞。”看到这段 ​  展开c,0
#男子回应退婚用16.8万彩礼辞职旅行#临时加💰肯定不对。。但是，你父母没吃过海底捞，你父母不容易，不是你自己的问题吗？你心疼父母多关心父母啊，带父母去吃啊，去旅游啊，怎么，你的孝心全都“外包”给未来另一半？然后你用嘴心疼父母？ ​,0
#男子回应退婚用16.8万彩礼辞职旅行#怕父母旅行时会累着，所以没有带上他们一起，怕父母吃不惯海底捞，所以没有带他们吃，好有孝心的一男人啊 ​,0
#男子回应退婚用16.8万彩礼辞职旅行#为什么weibo里的懂王越来越多了，你们是想当MAGA然后占领🇺🇸把登子踢了吗 我现在脑内自动脑补:“没有人比我更懂……”(懂王戴红领巾拉手风琴状) ​,0
#男子回应退婚用16.8万彩礼辞职旅行##男子回应退婚用16.8万彩礼辞职旅行# ​,0
#男子回应退婚用16.8万彩礼辞职旅行#要是16.8万、19.8万能换一个人照顾我家一辈子，给我生儿育女，小孩还随我姓，那我可得省吃俭用，努力工作，也得把这人娶进门来 ​,0
#男子回应退婚用16.8万彩礼辞职旅行#在中国不求升职不买房不买车不结婚不生孩子压力真的好大，甚至那种心理焦虑远远大于你按部就班去做的外在压力 ​,0
2024年甲辰，戊土日元的运势解析戊土日元的人，在2024年甲辰，遇甲木偏官，辰为其比肩，而比肩帮身，偏官克身，来自生活、工作、学习有压力，但自主意识强，有奋斗精神，元气满满。甲木，对于戊土日元来说，是偏官（七杀），代表新的工作、领导，感情、异性缘，健康、有病症，子女、生育信息等，暗 ​  展开c,1
#男子回应退婚用16.8万彩礼辞职旅行#不忍心让父母为难，所以拿着父母凑的结婚钱去旅游了，爹妈一个也不带，男人的孝心只有在和女人结婚的时候才有么，一说和女人结婚，孝心就出来了。 ​,0
#男子回应退婚用16.8万彩礼辞职旅行#我觉得挺好的，婚嫁自由，尤其是双方都应该谢谢这个闺蜜，互相看清了对方，挺好 ​,1
#男子回应退婚用16.8万彩礼辞职旅行#这个话题里评论区中国人对中国人的苛刻体现的淋漓尽致 ​,1
【#比利时王妃回广东娘家省亲#，祖籍梅州五华是地道客家妹子！】11月2日上午，比利时利涅王妃李然回到家乡广东省梅州市五华县省亲。她还回到母校五华县第三幼儿园（原五华师范附属小学）看望恩师，并和当地学校的“学弟学妹”们进行了交流。据悉，李然还将应邀参加在梅州举办的第六届世界客商大会活动 ​  展开c,1
#比利时王妃回广东娘家省亲#虽然欧洲还有王室，但我们已经把这些封建玩意儿给扔到了历史的垃圾堆里。有啥必要用上“省亲”这样的词？ ​,1
🔺地道广东客家妹！！比利时利涅王妃李然回家乡梅州五华省亲！！11月2日上午比利时利涅王妃李然回到家乡梅州五华省亲，看望恩师、励志交流、植树等活动，共叙乡情乡谊，喜看家乡变化。🔺李然是在国外留学打工时邂逅了王子嫁入王室！！女网友感叹:我的王子何时才能出现？？ ​  展开c,1
#比利时王妃回广东娘家省亲#我到底应该把儿子培养长大去娶西班牙公主的女儿容易一些呢？还是把儿子培养好，去娶比利时王妃的女儿更合适呢？真是两难的抉择 ​,0
#比利时王妃回广东娘家省亲# 有点给自己贴金了，只是比利时的一个贵族家族，利涅家族是欧洲一个古老的贵族家庭，并不是比利时王室成员。她根本不是比利时王室的王妃。 ​,1
#比利时王妃回广东娘家省亲#这是从平民到王妃这一路也是挺辛苦的但是也离不开自身的优秀啊不够优秀你再努力也不行 2荷兰·Enterbrook 2 ​,0
#比利时王妃回广东娘家省亲#充满小说味道的词条 ​,1
#比利时王妃回广东娘家省亲# 笑死。平素批评起重男轻女的封建陋习，一个比一个带劲。这回是真·封建迷信驾临，一群人却突然活成了清朝人的模样。这到底是怎么回事捏？ ​,0
#比利时王妃回广东娘家省亲#还王妃回家省亲，真的是能贴金吹牛。我们知道比利时是个王国，但是这个所谓的王子并不是比利时王室成员。他应该是比利时“利涅家族”的一个成员，利涅家族是欧洲一个古老的贵族家庭，在11世纪时参加“十字架东征”发迹，家族族长12世纪被封为男爵，16世纪被封为伯爵和亲王 ​  展开c,1
#比利时王妃回广东娘家省亲#有情有义不忘祖！第一位嫁入欧洲王室的广东女孩李然，回客家梅州老家省亲！李然是现任比利时王妃，她是在巴黎留学时结识的比利时王子，热恋后嫁入王室！祝福广东女孩李然，为中比友好多做贡献！ ​,1
#比利时王妃回广东娘家省亲#  比利时利涅王妃李然是地道的“客家妹”，她在五华出生长大。在惠州读书时，李然成绩优异，并于2002年考取了北京语言大学。毕业后，李然留学巴黎，先后在巴黎索邦大学和巴黎高等管理学院等高校学习。随后她与比利时利涅家族查尔斯王子相识相恋，并于2010年与查尔斯王子低调 ​  展开c,1
#比利时王妃回广东娘家省亲#此处有文可以开始写了 ​,1
#比利时王妃回广东娘家省亲#一程山，一程水，千帆阅尽，愿我们都能与✨更好的自己相遇！ 2武汉 ​,1
#比利时王妃回广东娘家省亲#O网页链接 ​,1
#比利时王妃回广东娘家省亲# ....李然上热搜了..........@娇妹audrey ....//@小懒虫吃不胖:很有气质，学霸的人生//@a幸幸安安欢欢浩浩琪琪a: 知识改变命运，不偷不抢收获荣誉和爱情,1
#比利时王妃回广东娘家省亲#省亲这词好像在电视里面见过，现实生活中第一次看到。 ​,0
#比利时王妃回广东娘家省亲#离王公贵族又近了一步，原来身边也有啊！ ​,0
#比利时王妃回广东娘家省亲#耳与眉齐，集福气、才气、名气于一身！ ​,1
#比利时王妃回广东娘家省亲#比利时利涅王妃李然，回中国家乡广东娘家省亲，天生的亲切感本人一定很优秀叭 L祈愿乐欣七安awm的微博视频 ​,1
哈哈哈哈哈哈哈六公主公开处刑侯雯元！！！我笑拉了！！！彪子一分钟偷瞄八百次六公主镜头，嗯……一点都不刻意就是有些明显#六公主公开处刑侯雯元# #2023星辰大海正式开营# L橘子娱乐的微博视频 ​,1
偷瞄镜头是真的可爱，挺放得开的呀，又是唱歌又是拍照的#六公主公开处刑侯雯元#L妖妖monster的微博视频 ​,1
#侯雯元签名好温柔# @猫眼电影 ✖️“星辰大海”独家花絮上线点来就看⬇️在训练营后台给人签名的@演员侯雯元 期待金鸡之旅～#猫眼看金鸡##六公主公开处刑侯雯元# L猫眼电影的微博视频 ​,1
#六公主公开处刑侯雯元#他要是爱豆在舞台上抓镜头肯定特别准！我在想他要是能去《披荆斩棘》唱跳，我简直不敢想他得有多开朗 ​,1
#六公主公开处刑侯雯元#人形镜头捕捉器🈶️，侯雯元：我就要不经意间看镜头，迷住你们哈哈哈哈哈哈，还有主持人问：“你更希望大家怎么称呼你呢？侯班长？”侯雯元：“叫我小班长就好了”哈哈哈哈哈哈我猜8G冲浪的他肯定是看到有人说他老了，难受坏了吧 ​,0
#六公主公开处刑侯雯元#哈哈哈哈哈哈彪子喜提六公主关注，侯雯元搞个科目一庆祝下 L小钢板大王的微博视频 ​,1
#六公主公开处刑侯雯元#彪子真的好可爱！彪子也是要面子的啦！看破不说破还是好朋友哈哈哈哈，杜宇一款温柔系矿工 L娱圈熊熊的微博视频 ​,1
#六公主公开处刑侯雯元#彪子：报一丝报一丝，习惯将镜头当镜子了 ​,0
你对他的初印象是什么？#六公主公开处刑侯雯元# ​,1
感觉元哥好可爱呢，这小眼神，这状态满满，元儿哥一如既往的自信开朗，你可以的#六公主公开处刑侯雯元# L文旅诗画的微博视频 ​,1
#六公主公开处刑侯雯元##亿点曝光计划##新浪娱乐#  第一眼以为元元肚腩露出来了他怎么会有肚腩全是腹肌 ​,0
#六公主公开处刑侯雯元# 什么啊,0
#六公主公开处刑侯雯元##侯雯元##微博变美手册# 侯雯元 谁会不爱宽肩大帅哥啊啊侯雯元宽肩合集 我爱考古啊啊啊啊谁会不喜欢这种宽肩但是不发腮的帅哥啊啊啊啊 哥哥超级韩范儿的啊啊啊 ​,0
#六公主公开处刑侯雯元#我真的笑死了 都是看镜头怎么差距这么大 ​,0
今天是快乐的一个中午！！！！嗷嗷嗷看不过来了。➕以前存的一个西装动图。#侯雯元##六公主公开处刑侯雯元# ​,1
#六公主公开处刑侯雯元#哈哈哈哈哈好逗 ​,1
#六公主公开处刑侯雯元##侯雯元进厂# 侯雯元“候工”换上工装，认真听同事讲解并上手实操，一秒get操作技能真的有模有样哈哈哈哈哈哈 ​,1
#六公主公开处刑侯雯元#哈哈哈哈哈哈哈 ​,1
#六公主公开处刑侯雯元#哈哈哈哈哈哈哈哈，爱捕捉镜头的小哥哥一枚吖～ ​,1
#六公主公开处刑侯雯元#哈哈哈哈哈哈哈这哥们有点好笑 ​,1
五月天 属于江浙沪的厮杀冲鸭！！！！ ​,1
久别重逢 如约而至思念似海 满溢心上终于可以好好见到大家🔥上海站八场正式启售⁠⁠⁠CMC Live X 相信音乐  共同呈献⚠️温馨提示：售票资讯 & 场次更动，请详见以下资讯⁠MAYDAY @五月天[ 好好好想见到你 ] 2023上海演唱会⁠⁠📍上海站  📅演出日期：2023/11/12 (日)－11/13 (一 ​  展开c,1
五月天上海演唱会官宣了，11月5日10:55开始抢票，大麦想看人数以肉眼可见的速度已飙升至172.9万，属于江浙沪的厮杀。 ​,1
#五月天 还不开票#五月天上海场为什么还没有开票？怎么还不开票，8场总能看到一场吧！甚至还没宣 L自来水嗑学家的微博视频 ​,1
【2019-2023.五月天JustRockIt蓝Blue2019上海站NO.4举办4周年】五月天怪獸被取新綽號全場想歪 團員一個比一個還樂 (軋車披星戴月的想你)#五月天justrockit蓝上海站4周年##everyday  is mayday# 阿信五月天 源转自油管，侵删 LEthan1282的微博视频 ​,1
五月天上海演唱会🎫即将开抢，这次的幸运儿又会有哪些呢，大麦现在已经有175w想看了，不知道后续还会增加多少#五月天 属于江浙沪的厮杀# L妖妖monster的微博视频 ​,1
阿信五月天五月天演唱会 上海场注定是江浙沪的厮杀，顺便带上周边高铁4小时内到达的城市，祝大家抢票成功 ​,1
五月天  又到11 且上海又要来了 s i 去的记忆开始攻击我  谁家11凌晨5点抢(还可以满-优惠的那种 ​,0
四年前的今天(191103)，蔡依林 + 五月天 - 玫瑰少年 @ Just Rock It 蓝 BLUE 上海场  L元气桃浦选手的微博视频 ​​​,1
五月天 某些五迷别太离谱，闲贵别来啊，叽叽歪歪，一直在侮辱上海，看要看的，还一直沪国，沪币，那么嫌弃来什么啊 ​,0
#五月天上海演唱会#终于又回到上海啦虽然今年的鸟巢才见过面，但我更喜欢每一年都可以在上海见到你们呀 ​,1
#五月天 属于江浙沪的厮杀#呵 你怕是看不起我鄂鄂 ​,0
#五月天 属于江浙沪的厮杀#请你们手下留情，不要跟我抢行不行？我要见我的“百岁爱豆团” ​,1
#西安接驳地铁的公交线路达363条# #半个月每天1瓶白酒小伙患酒精性脂肪肝# #五月天 属于江浙沪的厮杀#,0
五月天上海我必去 ​,1
#五月天 属于江浙沪的厮杀#无所谓了 能看一场是一场～如果一场都抢不到 那就场外摇滚区反正坡县都要见🤣 ​,0
#五月天 属于江浙沪的厮杀#谁说东三省就不参战了评评理@冠佑Ming  ​,0
#五月天 属于江浙沪的厮杀#不好意思，广东的也想来分一杯羹 ​,1
#老人深夜将女婴遗弃在小卖部门口#，医生判定孩子出生不满十小时，外表五官等初步检查正常。 L观察者网的微博视频 ​,0
#老人深夜将女婴遗弃在小卖部门口# 这一家子人是多么冷血啊，深夜也不知道有多冷就把一个新生儿丢在外面，而且小孩的父母也没出现。最好别是因为是个女娃而选择抛弃宝宝太无辜可怜了，希望已经在一个安全的地方了。 ​,0
#老人深夜将女婴遗弃在小卖部门口#不想养可以送给我，我想养，这是个人，别乱扔！2贵阳·贵州大学 ​,0
#老人深夜将女婴遗弃在小卖部门口#不知道的以为在看二十年前的新闻……一会儿又说彩礼贵一会儿又遗弃女婴。 ​,0
#老人深夜将女婴遗弃在小卖部门口#自己也是女性为什么要做出这种行为？要我说重男轻女的人都应该去亖！都这个年代了竟然还有人遗弃女婴？我不理解 ​,0
一边是#老人深夜将女婴遗弃在小卖部门口# 一边是#男子回应退婚用16.8万彩礼辞职旅行# 放一起看，真是意味深长。一说到彩礼，都骂女人，却看不到是什么催生了彩礼，看不到被遗弃甚至被“消失”的女婴，看不到那么多女性“读书不如嫁人”、“没资格继承家产”、“嫁出去的闺女泼出去的水”……那被 ​  展开c,0
#老人深夜将女婴遗弃在小卖部门口#没想到现在还有抛弃女婴的做法 要是没人看到这个小孩子是不是就活不成了 即使处境困难也不要丢弃啊 如果是男婴的话还会丢弃吗 ​,0
#老人深夜将女婴遗弃在小卖部门口#2023年了，居然还有人扔姑娘！扔女孩跟嫌弃女孩的还是那批人，法律意识淡薄。很容易查到的，附近几个村谁家有产妇，谁家已经生了2个以上女儿的 ​,0
#老人深夜将女婴遗弃在小卖部门口#出生不满十个小时就扔了？不管原因是什么这老人都是个没良心的，知法犯法，如果婴儿有生命危险那她就是遗弃罪！蹲个后续🙏 ​,0
#老人深夜将女婴遗弃在小卖部门口#什么年代了，还有人重男轻女....... ​,0
#老人深夜将女婴遗弃在小卖部门口#放开性别鉴定，在怀孕之初就告知男女，别让那么多女孩子出生在重男轻女的家庭了吧。 ​,0
#老人深夜将女婴遗弃在小卖部门口#天哪，这个年代还有扔孩子的，真是法盲，等别人家帮你孩子养大了，你在扑通一声下跪来认亲，#安徽一女婴凌晨被遗弃小卖部门口# 2上海 ​,0
#老人深夜将女婴遗弃在小卖部门口#心真狠。构成遗弃罪，可以入刑。天气这么冷，新生儿保温能力差，很容易危机生命。 2深圳·东门 ​,0
#老人深夜将女婴遗弃在小卖部门口##老人深夜将女婴遗弃在小卖部门口# ​,0
#老人深夜将女婴遗弃在小卖部门口#这居然是2023年的剧情……以后别问为什么男女比例失衡为什么那么多男的娶不到媳妇了，自己内部消化吧。 ​,0
#老人深夜将女婴遗弃在小卖部门口#现在领养弃婴有什么要求和程序吗？感觉条件还挺严格我是真的想养个小姑娘 ​,0
#老人深夜将女婴遗弃在小卖部门口#又是一个可怜的女娃子，有什么隐情吗？家庭困难还是嫌弃女婴？蹲后续 ​,0
#老人深夜将女婴遗弃在小卖部门口#老人，女婴，这不就是封建思想 ​,0
《以爱为营》滤镜被吐槽了，这款滤镜大家能接受吗？ #以爱为营 滤镜# ​,0
不是，你们《以爱为营》真的很会拍现偶的心动氛围感啊！屋外大雪纷飞，屋内缠绵悱恻，小说情节通通照进现实！#白鹿王鹤棣吻戏镜头##以爱为营 滤镜##以爱为营全员营了个大动作# L搜狐娱乐的微博视频 ​,0
我死了..这也太帅了吧！！疯批版时宴吗.. #以爱为营 滤镜# ​,1
#以爱为营 滤镜# 王鹤棣《以爱为营》预告混剪🈶️！时宴今晚八点见 #白鹿王鹤棣吻戏镜头##星姐微博# L星姐微博的微博视频 ​,1
以爱为营滤镜什么样我不清楚但是时宴苏的我腿软啊啊啊啊啊啊啊王鹤棣就是行走的鹤尔蒙能不能到现在就播出！！！📺：今天晚上八点上芒果TV看以爱为营看时宴#白鹿王鹤棣吻戏镜头#/#以爱为营 滤镜# L宴泪滴滴哒的微博视频 ​,0
以爱为营滤镜怎么样不影响王鹤棣的帅 时宴撇嘴笑想要迷死谁啊啊啊啊啊啊啊@王鹤棣_Dylan #以爱为营 滤镜#｜#白鹿王鹤棣吻戏镜头##王鹤棣以爱为营# L是什么糕冷选手的微博视频 ​,0
定了定了 今晚8点做 姿势想好了🤤🤤🤤LKiligpuppy_的微博视频#王鹤棣时宴# /#以爱为营 滤镜#  /#白鹿王鹤棣吻戏镜头# ​,1
#以爱为营# 啊啊啊啊啊啊啊王鹤棣真的可以演晋江的所有房子！！！！异性恋感谢王鹤棣！！！王鹤棣性 张力的神，时宴也太苏了救命，以爱为营 滤镜都压不住他的苏感和美貌🆘#以爱为营 滤镜# L苍青宴遇迹的微博视频 ​,0
#以爱为营 滤镜#｜#王鹤棣以爱为营# 讨论度也太高了吧 这就是顶流播剧吗？不管你粉黑 都请多多讨论吧 一起来为时宴王鹤棣的书局和声量添砖加瓦 时宴不登顶不爆都难 让其他所有的剧和角色都在时宴面前渺小的像一只蚂蚁 让这个十一月甚至整个冬天的话题一直围绕着时宴和王鹤棣 拜托了｜以爱为营滤镜 ​,0
#白鹿王鹤棣吻戏镜头#怎么了？不就亲一下？不就是抱一下？这很正常，我也不在乎这有什么的，不就是亲一下抱一下，不就是苏的我嗷嗷乱叫嘛？这有什么的 #以爱为营 滤镜# ​,0
#晋江脸海棠骨起点性子po张力##以爱为营 滤镜# 啊啊啊 ​,0
#以爱为营 滤镜#老师您好🤓怎么光开帖编造剧情不看正片啊🫢虽然《以爱为营》平时在学校有些内向不太爱说话😞但是成绩一直是不错的呀🤔老师你是不是忘记我家孩子了😤老师要是我孩子心理扭曲难过自卑了怎么办老师😫今天回来她看起来不是很高兴，天杀的老子这就报警把你关进去🤬😭 ​,0
#以爱为营 滤镜#白鹿演郑书意好甜很甜，又甜又撩，好心动 ​,0
以爱为营还是备受关注啊，好久没看到一部戏开播前就这么热闹，先是传定档日期没有播嘲播不了，第二天定档又嘲播出时间不好，然后放了预告，又开始审判原音，今天又开始说滤镜，流程走完了吧，晚上记得看剧审判剧情哦#以爱为营 滤镜# ​,1
#以爱为营 滤镜# 什么滤镜不滤镜 原声不原声的，安安稳稳播完就行了，🙏🙏🙏现在看个电视剧多不容易啊，动不动就下架🙏🙏🙏 ​,0
#以爱为营 滤镜#不是，现在剧方的审美已经到了看不出来好赖的地步了吗？现在的影视剧还有没有能看的质感啊暗的暗S，亮的亮S，糊的糊S，就是没有质感。 ​,0
#以爱为营 滤镜#  #以爱为营# Q：想知道你哄长辈哄小孩子和哄女孩子的能力分别是多少分？王鹤棣：都是满分 L写作诗诗的微博视频 ​,0
#晋江脸海棠骨起点性子po张力##以爱为营 滤镜# ​,0
#以爱为营 滤镜#王鹤棣越生越帅啊，别搞这花里胡哨的 ​,1
#二姐说李玟离世前夜还和朋友欢聚唱歌# 李玟大姐、二姐近日接受采访，回忆李玟离世前的事情，二姐说李玟离世前一天晚上还在和好友们欢聚唱歌，“他们那天即兴弄了一首歌出来，她（李玟）就是特别自在”，姐姐们也不觉得她当时情绪低落，“她还跟我们一起唱歌，鼓励妈妈也唱了。”（视频cr凤凰网娱乐）  ​  展开c,0
凤凰网娱乐《非常道》X李玟大姐李秋林、二姐李思林@李思林Nancy穿中国红旗袍亮相奥斯卡，“要为中国人找一片国际的天地。”“唱歌、做音乐她的灵魂就在了”，离世前夜还在和朋友欢聚唱歌。事业风光无限，婚姻却惨淡收场。二姐坦言，“女人都是情伤”。想把最后一口气留在舞台的「天后」，“ ​  展开c,0
#二姐说李玟离世前夜还和朋友欢聚唱歌#李玟老公布鲁斯还带着女儿开心地生活着，姐妹们找对象一定要慎重呀。 L触碰过魔法的微博视频 ​,0
#二姐说李玟离世前夜还和朋友欢聚唱歌#前言不搭后语的消费逝者，前边说李玫离开前眼神空洞，需要陪护，今天说和朋友聚餐，哪句话是真的？谎话连篇 ​,0
李玟#二姐说李玟离世前夜还和朋友欢聚唱歌#Bruce接到电话第一句是Did she die ​,0
#二姐说李玟离世前夜还和朋友欢聚唱歌#如果说李玟二姐说的是实情，那这就是欢笑型的抑郁症啊。我每天都担心那个嘻嘻哈哈的跳桥女律师哪天跳掉。 2北京·光华国际大厦 ​,1
#二姐说李玟离世前夜还和朋友欢聚唱歌# 我记得之前说是几周前眼神空洞？！ ​,1
#二姐说李玟离世前夜还和朋友欢聚唱歌#这个姐，说coco需要24小时看.护是你，说C0C0曾经两次自沙的是你，说Coco玉玉症的也是你，说Coco唱歌的时候最快乐，逝.者.已.逝，何必不停的消.费Coco呢？ #李玟弥留之际老公才出现# ​,0
#二姐说李玟离世前夜还和朋友欢聚唱歌##永远怀念coco李玟#,0
#二姐说李玟离世前夜还和朋友欢聚唱歌#给我一台时光机，我好像回到那天到底发生了什么。前前后后已经不知听到多少版本了。多一些真正关心她的人，也不至于此。。。。。。唉😔 ​,0
李玟二姐谈妹妹两次轻生，第一次吞安眠药，Bruce知道也选择不回，第二次完全没有任何表现，一切都很正常，可惜是现在的结果#二姐说李玟离世前夜还和朋友欢聚唱歌# L母婴育儿那些事儿的微博视频 ​,0
#二姐说李玟离世前夜还和朋友欢聚唱歌#coco 李玟 生前出席活动现场，她一直以乐观形象示人，从不把负能量转移给亲戚朋友。 L无言挽清风的微博视频 ​,1
一名集建档立卡、低保，孤儿三重身份于一身的贫困生申请助学金不成反遭羞辱，名额却被富哥抢走。很遗憾以这种方式认识：天津中德应用技术大学。该事件不是第一例，但却是引起震动的第一例，望彻查并完善漏洞。#助学金事件当事人称已搬离宿舍##举报助学金被挤男生让网友别转钱了##助学金#   ​  展开c,0
这么说吧，大学其实就是个小社会，像这种民主评议，其实也是掺杂着人情世故的成分在的。助学金作为助学金，其实只需要看家庭状况就行了。以前上大学的时候也参加过民主评议，感觉让他们把自己家里不好的一面展现在大家面前，本身就是一种伤口上撒盐的行为。#助学金##助学金事件当事人称已搬离宿舍# ​  展开c,0
#助学金#我的评价是 都别要 取消 ​,1
#助学金#对于大学生来说这种现象还挺常见的甚至知道了以后不是因为事情本身惊讶 而是惊讶于竟然有学生有勇气去举报  #天津一大学生实名举报助学金分配不公# 我室友用苹果手机 平板也是苹果的 还穿匡威人家贫困生助学金照样从大一领到了大三谁知道学校是怎么评定的 呵呵 每次都说有问题可以向 ​  展开c,0
#助学金争议当事人亮出低保孤儿证明##助学金#把热搜顶上去，人民监督起来。国家政策是好的，一直落不到实处。还记得暑假的时候也有这样一个事情，贫困生住洋房，穿洋鞋，用洋人手机。 ​,0
#助学金#哈哈 有的助学金可不是被贫困生拿走的 懂的都懂 ​,0
#助学金#很多人为了骗这个钱，真正需要的人确实很多没有得到应有的帮助救助，像低保类的某些村干部亲戚一类的各种补助到手，比别人工资都高，但是这是事实现象，要知道举报不能越级，很多东西大家都明白 ​,0
#助学金#排队买票的时候还有军人残疾人优先的原则 这个学校评选的时候为啥把建档立卡贫困户给排除在外？退一步讲 贫困生补助评选没问题 那朱旺作为落选人本人 有权利质疑被评上的四个人吧？这个学校从上到下的做法都好迷 ​,0
#助学金#助学金居然靠投票决定……这条规则就很奇葩呀？……穷孩子还得人缘好才能拿助学金吗？ ​,0
#助学金#上过大学的都知道这个助学金里面有多少水分。我的大学是少数民族申请就必须给，不管家境好不好。 ​,1
我个人感觉，助学金压根就不应该让学生来民主评议，这应该完全取决于家庭状况，大学生对钱对工资并没有什么具体的概念，不同家庭状况的同学认为的贫困也是不一样的；再者说，让那些同学在其他同学面前自揭伤疤本身是很残忍的事情，大学也是人情世故的小社会，如果可以直接提交申请材料让学校来评定更 ​  展开c,0
#ELLE风尚大典开始官宣了# ELLE风尚大典开始官宣了，好多熟人！迫不及待想看红毯了，你最期待谁#ELLE风尚大典好多熟人# ​,1
🦊已经到达elle红毯现场，开始期待各位艺人的造型啦，你想看谁？#ELLE风尚大典开始官宣了##ELLE盛典内场嘉宾名单# ​,1
魏大勋#ELLE风尚大典开始官宣了##ELLE盛典内场嘉宾名单#期待魏大勋@魏大勋 的红毯造型不敢想象这183的气质大帅哥在红毯上向镜头走来时，小咕该是多么快乐的小女嗨上@咪咕视频 一起回顾苏神魏大勋的《我的人间烟火》吧 ​,1
赵丽颖和杨幂、迪丽热巴和杨紫都去，今晚elle风尚大典注定令人瞩目！目前elle置顶微博kp已经开启，迪丽热巴、杨紫、魏大勋占领前排，流量都好大啊！#ELLE风尚大典开始官宣了# #ELLE盛典内场嘉宾名单# ​,0
魏大勋 wdx#ELLE风尚大典开始官宣了#期待魏大勋@魏大勋 ​,1
#ELLE风尚大典开始官宣了# 期待酷飒美一体自成风格的新生代唱跳天后、先锋多元时尚icon刘雨昕的红毯啰#刘雨昕ELLE风尚大典# 年内17套高定领跑第一【90&95后女星高定🔝】【女星杂志总榜&女星五大杂志榜销售额双第一】【95后女歌手万人巡回演唱会第一人】@刘雨昕#ELLE盛典内场嘉宾名单# ​,1
魏大勋 wdx#elle风尚大典开始官宣了# wdx#魏大勋elle风尚大典# 这套图真的好喜欢，看了一遍又一遍。超级期待下午的红毯，又可以看到穿西装的大勋花开，一起期待吧！ ​,1
祝@ELLE 35周年生日快乐经典与少年碰撞 期待@时代少年团 的精彩表现 #elle风尚大典开始官宣了#LELLE的微博视频 ​,1
#ELLE风尚大典开始官宣了#期待五年三大爆top花杨紫大美女今天的活动现场#ELLE盛典内场嘉宾名单#  L杨紫工作室的微博视频 ​,1
介么帅 #ELLE风尚大典开始官宣了#L摘一朵星星的微博视频 ​,0
新的单人图如何 #ELLE风尚大典开始官宣了# ​,1
#elle风尚大典开始官宣了#期待李现王子，李现粉丝看着好热闹啊，哈哈哈，真不错#李现ELLE风尚大典# ​,1
#ELLE风尚大典开始官宣了#想看李现 ​,0
#ELLE风尚大典开始官宣了#希望关晓彤今天妆发造型状态都在线🙏🙏#ELLE内场嘉宾名单# ​,1
"#ELLE风尚大典开始官宣了#杨紫,迪丽热巴elle kp情况杨紫占前排前九？时代变了,乍一看还以为迪丽热巴家没下场 ​",0
#ELLE风尚大典开始官宣了#🪩#elle风尚大典好多熟人#🪩#刘雨昕ELLE风尚大典# 是谁的首次万人场巡回演唱会频频搬出品牌特别定制和高级定制上舞台？哦，是我担@刘雨昕 啊。 ​,1
#ELLE风尚大典开始官宣了#时代少年团 ​,0
#李现elle风尚大典# 天现公主们的王子现出现了#elle风尚大典开始官宣了#,1
#ELLE风尚大典开始官宣了#期待魏大勋造型！穿西装活动能不能多安排，可太养眼了！183身材就是底气硬，气质这一块拿捏的死死的#ELLE盛典内场嘉宾名单# （cr logo） ​,1
#ELLE风尚大典开始官宣了# 期待今天的演员魏大勋红毯登场！因为七月的183宽肩大长腿《孟宴臣》本观众真的没看够！@魏大勋 ​,1
任豪elle后台采访比较喜欢的时尚单品“鞋”；昨晚到杭州的，用成都话说祝福；喜剧从来没有接触过，当时去拍喜剧，向剧组的喜剧前辈请教#elle红毯# #elle风尚大典开始官宣了# #星姐微博# L星姐星闻的微博视频 ​,1
【#小屏旗舰哪款值得买#】近年的手机市场总能听到手机屏幕太大、单手操作不便等消费反馈声音，但大屏手机已经成为市场主流。众所周知，小屏手机由于机身空间的限制，厂商需要投入更多的精力平衡手机性能和实际体验，一款体型小巧同时体验旗舰级的产品是非常难得的存在。但好在还有厂商坚持推出表现优 ​  展开c,1
#小屏旗舰哪款值得买# 小屏手机少之又少，能够做到旗舰水准的更是不多了，小米13系列用超强质感以及超窄的边框带来了惊艳的体验，小米14则是持续打磨带来了更进一步的旗舰表现。在我看来小米14就是最完美的小屏旗舰，沉浸的直屏，恰当的手感，舒适的背板，有着好呈现和好手感，同时屏幕呈现的表现更 ​  展开c,1
有同学问 小米13 和 小米14该咋选，我都用了，BB两句～#小屏旗舰哪款值得买# 2北京 L陈震同学的微博视频 ​,1
要么iPhone 15 Pro，要么就是小米14，也可以考虑魅族20...#小屏旗舰哪款值得买# 三个机器都用过，都是单手轻松拿捏的机器，iPhone 15 Pro要不是火龙果的问题，确实还是很香的...小米14，优势会明显一些，直边+直屏+188g，握感会好很多至于魅族20，我觉得可以等等21，你懂得 ​,1
#小屏旗舰哪款值得买# 目前能称得上小屏旗舰（6.5英寸以下）的应该就iPhone15/15 Pro和小米14了吧，作为两个完全不同生态的产品，其实也很非常好选，如果你是深度果粉可以继续选择iPhone。但是我个人还是更加推荐小米14，超窄边框、骁龙8Gen3、徕卡Summilux镜头、澎湃OS系统、IP68防尘防水，杜比立体双 ​  展开c,1
在印象中，小屏手机目前在目前的手机市场中，属于比较小众的品类。由于手机整体的空间更小，在续航、屏幕分辨率、散热等方面都有着天然的劣势。小米自13系列以来似乎打破这个规律，搭载的新一代骁龙8 Gen3有着非常出色的功耗控制，即便面对原神这样的游戏，运行期间手机最高温度也能控制在45度以下。 ​  展开c,0
#小屏旗舰哪款值得买#有钱iPhone 15 Pro没钱Xiaomi 14超值Samsung Galaxy S23再无其它…… ​,0
#小屏旗舰哪款值得买#这哪有的选呀？现在还在做小屏旗舰的，只有三家了：小米、三星、苹果三星现在在国内已经成为小众品牌了，用的人越来越少，主要是价格也不便宜至于iPhone15标准版，看销量就知道了，今年连果粉们都不怎么卖单至于小米14，相对于小米13来说，可以算是很大的提升了 ​  展开c,0
提起#小屏旗舰哪款值得买#，首先我想到的就是小米14，作为当下安卓市场小屏旗舰颜值天花板，外观设计非常小巧精致。令我印象最深刻的还得是它四个边几乎等宽的屏幕，视觉效果直接拉满，再加上第三代骁龙8旗舰芯片、徕卡双画质、IP68防尘防水，杜比立体双扬声器、USB3.2Gen1接口、定制高振动马达等等亮 ​  展开c,1
#小屏旗舰哪款值得买# 有一说一，现在还在执着真小屏旗舰的厂商是真的不多了，大家常用算下来也就剩小米、魅族和苹果了。iPhone不说别的，除非是生态用户，其实是已经不太建议了，在郊区的表示信号还是一言难尽，带我入苹果坑的土豪室友已经双持安卓了。而目前来说小屏旗舰里搭载了第三代骁龙8、徕卡 ​  展开c,1
#小屏旗舰哪款值得买#大家最中意的是哪款，来说说看吧！ ​,1
#西安接驳地铁的公交线路达363条# #西安人昨天短袖今天穿袄# #小屏旗舰哪款值得买#,0
#小屏旗舰哪款值得买#买手机上京东有攻略有折\ 扣，低 至 3 折 O网页链接 ​​​,1
今天刚好小米14到手了，毫不夸张地说这就是目前最值得选择的小屏旗舰小屏手机意味着体积小，寸土寸金的空间能把参数拉到这个配置确实挺不易，1.5K的屏幕，第三代骁龙8，影像上也做到了极致，属实是用标准版来挑战别家的Pro版本了小米14首销卖这么好就足以证明他是一台妥妥的水桶机了 ​  展开c,1
当下的小屏旗舰能选择的很少，秉持着买新不买旧的原则这里只推搭载骁龙8Gen2、8Gen3、A16、A17，能选的也就iPhone14Pro、iPhone15、iPhone15Pro、小米14、三星S23、索尼Xperia5V......这些机器里最能打(综合最强)的肯定是小米14，用着最新一代的处理器、澎湃OS，6.36″的尺寸属实趁手，妥妥一代小屏 ​  展开c,0
#小屏旗舰哪款值得买#小屏旗舰？除了小米14还有小米13是吧 ​,1
#小屏旗舰哪款值得买# 眼下看的话，小米14没对手啊。 ​,1
#小屏旗舰哪款值得买#这个尺寸基本没太多可以选择， iPhone不能双开，魅族的拍照一言难尽……所以只有小米14可能相对来说挺合适，价格也合适！！ ​,1
#杨幂已退出嘉行股东#【#杨幂已不持有嘉行传媒股份#】近日，企查查APP显示，西安嘉行影视传媒股份有限公司股东信息更新，杨幂已不再持有该公司股份，退出时持股比例约15.19%。当前，杨幂共计关联上海杨幂文化传媒中心、上海杨幂文化工作室等9家企业，与嘉行传媒已无商业关联。 ​,0
#杨幂已退出嘉行股东# #杨幂黑天鹅红唇妆# 各自有各自的路不知道吗？杨幂会有更好的发展，至于另外一个就不清楚了，总之就是杨幂未来是走花路的L幂吹少年-的微博视频 ​,0
#杨幂已退出嘉行股东#对于杨幂而言，好的坏的都是成长的馈赠，不念过去，不畏将来。如她所言“拥有从前各有未来”，她分割了自己的过往，并早已迈向新的篇章，杨幂这个身份是独立的只属于她自己的，以杨幂十几年剧粉的身份，祝她越来越好#杨幂# ​,0
杨幂#杨幂已退出嘉行股东# 共有从前，各有未来！现在的杨幂可以做自己喜欢做的事，演想演的角色和影视剧，反正杨幂会越来越好的！恭喜杨幂四登嘉人，#杨幂黑天鹅红唇妆# 表现力好绝！杨幂已退出嘉行股东 杨幂黑天鹅红唇妆 L杨小小怂song·的微博视频 ​,0
#杨幂已退出嘉行股东##杨幂# 还是那句话“共有从前，各有未来！”感谢过去的荣耀和伤痕，但不回首，现在的杨幂已经找好目标，正在大步向前冲演员作品立身，期待杨幂待播作品悬疑喜剧电影《没有一顿火锅解决不了的事》、悬疑谍战剧《哈尔滨一九四四》和国民IP《狐妖小红娘月红篇》，期待杨幂未 ​  展开c,1
#杨幂已退出嘉行股东# 恰如我们生日那天对她祝福的那样“为你庆生，庆你新生”，这一次是真的“共有从前，各有未来”拍到喜欢的角色、拥有更好的资源、天高海阔，囿于牢笼的老虎如今是自由的鸟儿干杯！敬更好的未来🍻 ​,1
#杨幂已退出嘉行股东#可以接点喜欢的剧本，也不用再奶新人了，还要被白眼狼背刺，真好啊～ ​,1
#杨幂已退出嘉行股东#我佩服她的 是 当断就断的勇气在人生的每一刻永远都能从头再来付出过 爱过 但不后悔继续大步向前吧！杨女士LSuperBeeMiniYang的微博视频 ​,1
#杨幂已退出嘉行股东#虽然嘉行是靠杨幂撑起来的 但我还是希望它能倒闭 毕竟没了杨幂 啥也不是 ​,0
身边大多数事业心很强、不追星的朋友都很好感杨幂，我想真的得益于杨幂的立体人格，能赋魅也能祛魅。杨幂的人格是复杂立体的，但也是旗帜鲜明的。对自身自怜情绪的极度克制、不拖泥带水的行事风格、“纵然万箭穿心，也敢把真心做草船”的勇敢赤诚、“好的坏的全部收下，只等东风再起”的顺其自然，都 ​  展开c,0
#杨幂已退出嘉行股东#但凡换个不拖后腿的公司，以杨幂的实绩，也不至于被其他同龄女演员追着碰啊 ​ ​​​,0
【#杨幂已退出嘉行股东#，#杨幂已不持有嘉行传媒股份#】据财经网报道，近日，爱企查APP显示，西安嘉行影视传媒股份有限公司股东信息更新，杨幂已不再持有该公司股份，退出时持股比例约15.19%。当前，杨幂共计关联上海杨幂文化传媒中心、上海杨幂文化工作室等9家企业，与嘉行传媒已无商业关联。 ​    ​  展开c,0
【#杨幂已退出嘉行股东# 】天眼查App显示，西安嘉行影视传媒股份有限公司近日更新股东信息显示，杨幂已退出该公司股东，此前杨幂持股约15.19%。目前，杨幂关联的9家企业中3家为存续状态，包括上海杨幂文化工作室、上海杨幂文化传媒中心、上海杨幂影视文化工作室，均与嘉行传媒无商业关联。（天眼查App ​  展开c,0
#杨幂已退出嘉行股东# 那就做清醒般自由高飞的小鸟，不惧风暴顺利找到落脚处，不沉浸坦然向上，勇敢抵过岁月漫长，强大、坚毅的力量也是从无声无息的黑夜里熬过来的，相信她，相信演员杨幂，她会找寻心中另一个自己 #杨幂黑天鹅红唇妆# ​,1
杨幂#杨幂已退出嘉行股东#动动未尝不是好事，人要从心所愿，有时候作出改变是对未来的进一步开拓，相信幂幂的能力，未来会更好@杨幂 ​,1
#杨幂已退出嘉行股东#独美吧，早就该退了，从她的宫爆火开始，后面无论是电视剧，杂志还是活动都带了不少其他糊咖，结果带出一群白眼狼，奶妈也不是这么奶的啊 ​,0
#杨幂已退出嘉行股东# 共有从前，各有未来。,0
杨幂#杨幂黑天鹅红唇妆##杨幂已退出嘉行股东# 幂幂丝丝诱惑 ​,0
#杨幂已退出嘉行股东#不是之前就说退出来了吗？蜜啊，你挺住啊85就看你了 ​,0
#赵寅成喂韩孝周吃饭#你好，我是民政局我自己走过来了！ ​,0
#我是民政局 我自己过来了#磕到真的了吗这是恋综吧你们不在一起我都要绑你们在一起了 L盛世美颜是我脑婆的微博视频 ​,0
#我是民政局 我自己过来了# 我们只想看到#我是法考证 我自己过来了# ​,0
#我是民政局 我自己过来了#上次嗑孝周欧尼的cp还是在w世界，那真的把cp感拉满了，谁懂啊！释怀不了，根本释怀不了！那是我第一次完完整整看完的韩剧啊！honey夫妇我的意难平 ​,0
#我是民政局 我自己过来了#我给你们拉来了 ​,0
#我是民政局 我自己过来了# cp不结芬也行，四六级和专四专八必须得过。我是证书，我自己过来了 #英专生# #四六级# ​,1
【正式预告】网飞综艺#想谈一场韩剧般的恋爱# 正式预告来袭，男女演员吻戏不断，11月28日上线 🔥逢场作戏不够看，勾动真情才精彩。一群男女演员一起排练、试镜、演绎各种韩剧风格的戏码。他们之间的关系会如何蜕变发展？#我是民政局 我自己过来了# 日韩跨国合作，打造这部实境约会节目， ​  展开c,1
#我是民政局 我自己过来了#这个是综艺的名字吗？看起来好好看样子 ​,1
#我是民政局 我自己过来了#在一起吧！这欧巴欧尼真的太配了！互动都好有爱的！而且看得出偶吧有意思啊追啊！ ​,1
#我是民政局 我自己过来了# 让我看看磕哪对 ​,0
#我是民政局 我自己过来了#整个画面都特别戏剧性哈哈哈哈哈哈哈哈哈 ​,1
#我是民政局 我自己过来了#哈哈哈哈哈哈是我能磕的吗 ​,1
#我是民政局 我自己过来了#超异能族就觉得他俩真的很配啊！！让我嗑一下吧让我嗑一下吧 ​,1
#我是民政局 我自己过来了#你什么时候见赵寅成对女演员这么亲密过 我知道的 你们已经在谈啦 ​,1
#我是民政局 我自己过来了#我们个人关联度最高的政府部门和单位就是民政局，不过大部分人只上门一次，不少人二到三次登门。（荣戈博报） ​,0
#我是民政局 我自己过来了#快来 ​,0
【结婚领证攻略】结婚是一件神圣的事。新人们都会挑选黄道吉日或者有特殊意义的日子到婚姻登记处登记。图片内容仅供参考，以最新法律法规为准网友讨论～#我是民政局 我自己过来了#，无论如何，结婚前办理结婚证流程了解一下，学法律涨知识 ​​​,1
#金莎与男友首个合体综艺##金莎新综艺和男友接吻镜头# @金莎 和男友@孙丞潇 首个合体综艺《#爱的修学旅行#》官宣！“爱是一眼万年，电流贯穿心扉的确定”“也是万千滋味，只为一人而做的恒久”两人日落下接吻镜头好唯美，期待开播！ L新浪综艺的微博视频 ​​​,1
#金莎与男友首个合体综艺#金莎男朋友好宠她哈哈  期待两人在节目中的甜蜜互动！ L稚兔梦境的微博视频 ​,1
#金莎与男友首个合体综艺#这两个人的年龄差了一个男高很难评！祝福吧 ​,0
#金莎与男友首个合体综艺#自己不想谈恋爱就想看别人谈，想看金莎姐姐和她男友的爱情故事 ​,0
#金莎与男友首个合体综艺#爱的修学旅行中看到两个人在日落下的镜头好唯美，也让我们看到爱情应该有的样子，期待开播#爱的修学旅行定档1107# ​,1
#金莎与男友首个合体综艺#爱的修学旅行，海报中看起来很幸福，一起来看她们爱的永恒吧#爱的修学旅行定档1107# ​,1
#金莎与男友首个合体综艺#爱的修学旅行，这种综艺一定不满错过了，海报中两个人的画面就让我磕到了，一起期待吧#爱的修学旅行定档1107# ​,1
#金莎与男友首个合体综艺#一起来期待爱的修学旅行，也让我们沉浸在双向奔赴的爱情之中吧#爱的修学旅行定档1107# ​,1
#金莎与男友首个合体综艺#一般一起上节目最后都会分开……希望这次不要被打脸 ​,0
#金莎与男友首个合体综艺#恋爱也谈了，道也出了，这小子挺精明 ​,1
【#披荆斩棘#EP10五公·下微直播】@李玖哲NickyLee @陈楚生 @宝石Gem @王栎鑫 all black造型演唱经典“莫式情歌”《他不爱我》，深情男嗓里的心酸无奈全部藏在歌里“他不爱我，尽然如此，他还是赢走了我的心”。#披荆斩棘大有可V#《披荆斩棘》EP10五公·下正在热播中，每周五周六中午12:00，单更双更， ​  展开c,0
一条走廊，一帮兄弟，从夏天走到了冬天❤️#披荆斩棘##披荆斩棘大有可V# ​,0
披荆斩棘一路走来，V级MPV全程相伴！今天两位哥哥与大V拍档默契协作，一同迈向更广阔的舞台，猜猜他们的目的地是哪里？#披荆斩棘大有可V##此刻，大不同##奔驰V级MPV# L坐享哥哥同款座驾 ​,1
#陈楚生李玖哲老舅王栎鑫他不爱我#@陈楚生、@李玖哲NickyLee 、@宝石Gem、@王栎鑫 演唱经典“莫式情歌”《他不爱我》，四人一身全黑伫立在舞台，用男性化的视角演绎。有委屈、有心酸、有无奈。爱而不得的情感在他们高亢声线里体现得淋漓尽致，这首歌已经提前入了单曲循环歌单了。#披荆斩棘#  ​  展开c,0
#王栎鑫五公个人喜爱度第一##披荆斩棘大有可V#@王栎鑫 五公个人喜爱度第一真的实至名归！他真的没有辜负自己#披荆斩棘#一路来的努力！从一公挑战架子鼓和rap，到二公挑战唱跳，到三公重拾海豚音，到四公拜师学咏春，再到五公《动物世界》展现炸裂演技，《他不爱我》输出演唱实力，从前那个迷糊的少年厚 ​  展开c,0
#唐禹哲rap爆发力##披荆斩棘大有可V#@唐禹哲 继《麒麟》之后再次挑战rap，越来越专业的水准，爆发力十足！#披荆斩棘# L宇宙娱乐派的微博视频 ​,1
#伯远披荆斩棘# 🦋🔥#披荆斩棘大有可v# 永久珍藏上墙快乐小饱🥳🥳🥳😭😭😭终于！！！拈一片彩带挥挥真的太可爱太可爱了@伯远 ​,1
#披荆斩棘大有可V#张远的出现的每一秒钟都是惊喜，开口唱的每一个音调都是惊艳@张远Bird ，感谢@披荆斩棘 ，让我们看到了张远更多的可能性。all for love.all for bird. ​,1
早就听说过这第33位哥哥#奔驰V级MPV#的传闻了，TA陪伴哥哥们一路破局，探索真我，不愧为披荆斩棘之旅中的最佳拍档！点击视频，看看TA是如何为哥哥们在旅途中保驾护航，共赴#披荆斩棘大有可V#的璀璨人生！,1
#披荆斩棘大有可V#什么？总决赛给张远穿深V？好好好 期待张远总决赛舞台 ​,1
#披荆斩棘大有可V##披荆斩棘#再看@陆毅 和@苏小玎117 初舞台会面聊天超开心，目前节目进程即将到决赛，哥哥们之间相处真的很愉快！快戳视频看看他们聊了什么吧！ L宇宙娱乐派的微博视频 ​,1
#披荆斩棘大有可v# 想起伯远负责剪辑的那个拼字视频(在披哥官博置顶挂了一周那个)，真的超可爱哈哈哈哈哈 ​,1
#披荆斩棘大有可v# 超棒的走麦田，值得细品的舞台,1
#披荆斩棘大有可V#🐦#张远披荆斩棘# 下期是小绿棉袄张小远逃不过的呼声 Lbird读者创的微博视频 ​,1
#披荆斩棘大有可v#是这个大V吗 ​,0
#披荆斩棘大有可V#期待未来可以看到陈楚生更多的精彩演唱,1
【#7岁女童体育课猝死9分钟后才做CPR#】据新黄河报道：10月25日，辽宁省抚顺市望花区逸夫小学二年级学生朵朵（化名）在体育课短跑后倒地不起，猝死在校内。事发后，其父亲周先生到学校调取监控发现，朵朵和同学们未进行热身活动就进行了50米短跑测试，体育老师看到朵朵倒地后，过了9分钟才对朵朵进行心 ​  展开c,0
#7岁女童体育课猝死9分钟后才做CPR#再怎么说体育老师也应该会心肺复苏吧？？剧烈运动前要热身，急救措施，运动后的拉伸。。这些都是的基本功吧，别说体育老师了，普通人都应该知道吧。。况且体育老师不是应该专门学过吗？黄金时间4-6分钟都不知道吗？好震惊。。。 ​,0
#7岁女童体育课猝死9分钟后才做CPR#黄金抢救时间就这样白白错过了，不仅体育老师有问题，校医也是摆设，需要的时候永远找不到人 ​,0
#7岁女童体育课猝死9分钟后才做CPR#倒地后，为何要9分钟后才做CPR？整个事件中，学校的应急处理能力显然存在严重问题，同学们在进行剧烈的运动之前，都必须进行充分的热身活动。再者，当有学生出现突发状况时，教师或者在校校医有责任立即进行简单及时的急救。体育老师是过了9分钟才进行心肺复苏，这 ​  展开c,0
#7岁女童体育课猝死9分钟后才做CPR#剧烈运动前要做好热身，学校也是防护措施做得很不到位，9分钟，黄金抢救时间都过去了 ​,0
#7岁女童体育课猝死9分钟后才做CPR#学校一定要普及心肺复苏的知识，最好配置AED设备，也许悲剧就可以避免🙏🙏🙏 ​,0
#7岁女童体育课猝死9分钟后才做CPR#真的很多学校的校医都是摆设。。我高中的校医只有运动会的时候才上班，而且也就会涂个碘伏，然后就能美美拿💰了，真的提高一下校医的门槛吧，不然这种事情只会越来越多 ​,0
#7岁女童体育课猝死9分钟后才做CPR#无颈动脉搏动或无自主呼吸应立即进行心肺复苏！ L桴生妄的微博视频 ​,0
#7岁女童体育课猝死9分钟后才做CPR#据新黄河报道：10月25日，辽宁省抚顺市望花区逸夫小学二年级学生朵朵（化名）在体育课短跑后倒地不起，猝死在校内。事发后，其父亲周先生到学校调取监控发现，朵朵和同学们未进行热身活动就进行了50米短跑测试，体育老师看到朵朵倒地后，过了9分钟才对朵朵进行心肺 ​  展开c,0
#7岁女童体育课猝死9分钟后才做CPR#突然想到每次孩子上完体育课回来都说很累，回来也不吃饭了说没有食欲，满脸通红的样子是不是现在体育课真的很累啊 ​,0
#7岁女童体育课猝死9分钟后才做CPR#体育老师真的得专业一点 ​,0
#7岁女童体育课猝死9分钟后才做CPR# 【这条微博转给更多人！关键时刻能救命！】心脏骤停，黄金抢救时间仅4分钟！学会正确进行CPR（心肺复苏）和使用AED（自动体外除颤器），重启生命的方法，每个人都应该学学！ ​​​👉*请记住:如没有条件进行人工呼吸或现场没有AED，持续进行心脏按压，同 ​  展开c,0
#7岁女童体育课猝死9分钟后才做CPR#不会抢救，120应该第一时间拨打吧？ ​,0
#7岁女童体育课猝死9分钟后才做CPR#七岁！！！ ​,0
#7岁女童体育课猝死9分钟后才做CPR#看看学校的一系列操作：没有热身就直接短跑50米，倒地后一开始不敢动她，没有原地实施心肺复苏，扶到其他地方试图唤醒……错过最佳救治时机。一条鲜活的生命就这样没了，家长得多痛心啊！学校承诺负责，人能活过来吗？ ​,0
#7岁女童体育课猝死9分钟后才做CPR#课间十分钟不让孩子们动，然后考试要考体育，没有缓冲，直接剧烈运动，教育局的还是人吗回家还要做山一样的作业，自己想锻炼也不行，这都什么人在主宰我们啊 ​,0
#7岁女童体育课猝死9分钟后才做CPR#天哪天哪这是什么情况，现在体育课都这么累吗！ ​,0
#章若楠新剧用茅台消毒#作者发文解释：关于钻孔降颅压：这个情节最重要的前提在于，当时他们所处的位置非常偏远，周围完全没有医院也没有条件，患者脑出血出现脑疝生命垂危，如果苏为安不救，患者必死无疑，这个情节从诞生之初至今也和多位主任们进行过探讨，这是一个非常特殊的情况。 ​,0
看似很离谱的事情 其实是真实案例 有些人可以选择了解完所有再来喷 不要当个无知的人,0
#章若楠新剧用茅台消毒# 苏为安@章若楠 在路边与好朋友打电话的时候，被突如其来发生的车祸扰乱，在上前观察伤者伤势的时候，发现对方的瞳孔已经扩散，如果不紧急的进行一些治疗的话，对方的生命可能会遭到威胁。作为医学生转行的苏为安，当下的反应就是直接拆了一瓶茅台作为消毒的酒精！  ​  展开c,0
#章若楠新剧用茅台消毒#那不然呢……还指望医生在外遇到突发事故，先蹲在旁边等专业的医疗用品全都备齐再开始施救？ ​,0
#章若楠新剧用茅台消毒#跟前段时间村里来了个暴走女外科，剧情一模一样，都是路边电钻开颅，咱就是说，作者编剧真的是脑容量有限。逮着个有戏剧冲突的特殊医疗案例，翻来覆去地拍，动不动就无国界医生或者援外，然后，国外部分镜头拍得开玩笑一样，直接拍偶像剧不就好了，非得披个医疗外壳谈恋爱，把 ​  展开c,0
「治愈系恋人」这部剧本人的态度：《还有这样的国产剧新鲜！》《好抓马反手就是一个关注》一边把这部剧当作是一个无厘头的三蹦子爱情来看，所以任何走向都不觉得奇怪。一边看医学生评价这部剧又觉得“芜湖其实细节也很过关有被尊重到！”确实！着急救人肯定是效率优先谁在乎是茅台还是酒精啊... ​  展开c,0
#章若楠新剧用茅台消毒#这部剧女主真的果断聪明勇敢，不是传统傻白甜，而且她剧里说了，如果自己失手就偿命，也是为了救人才赌一把的。 ​,1
#章若楠新剧用茅台消毒#特殊情况特殊处理，救人才是第一位，在伤者有生命危险的时候，紧急处理是必要的 ​,0
#章若楠新剧用茅台消毒##治愈系恋人# 提问：现在的国产剧走势都让人猜不透吗？啊啊啊啊！《治愈系恋人》这部剧这么无厘头吗！！女主遇到伤患马上茅台消毒进行治疗？主打的就是一个手边有啥用啥！行行行我追还不行吗！我倒要看看还会有哪些想不到的剧情～ L七百里加急递煎饼的微博视频 ​,1
#章若楠新剧用茅台消毒#小说照进现实。这剧情和我看的一本小说开局挺像的，不过小说开局用的是菜刀开胸 ​,1
#章若楠新剧用茅台消毒#我直说了吧，需要过多文字解释的都是因为演技演得太烂，不然拍出来不至于引起这么大争议。我点开看还以为国产剧也终于疯了呢。如果不是看文字说明，我也会无法理解。但是看了文字说明，我更不理解现在内娱到水平怎么烂成这样。太糟糕了 ​,0
#章若楠新剧用茅台消毒#好像是有真实案例的耶，大美女又有新剧了哇 ​,1
#章若楠新剧用茅台消毒# 没有酒精的时候，可以用酒消毒，我以为这是常识 ​,0
Jung Kook <Standing Next to You> Official MV#JungKook# #StandingNextToYou# #JungKook_GOLDEN# LHYBE_LABELS的微博视频 ​,0
#田柾国新歌#2023年Melon实时空降第一的歌曲：田柾国《Standing Next to You》🆕🎉朴智旻《Set Me Free Pt.2》朴智旻《Like Crazy》防弹少年团《Take Two》田柾国《Seven》林英雄《Do or Die》SEVENTEEN《God Of Music》 ​,1
#田柾国新歌#Standing Next to You 的MV太有质感了！！色调太高级了女主像天使一样美！搭在一起毫无违和感！像是看了一场电影！歌也好好听 ​,1
#田柾国新歌# Golden每首都好好听~家人们最符合你口味的是哪首！ ​,1
#田柾国新歌# 柾国空降Today’s Top Hits 封面，主打空降列表第一！！ 🔥 ​,1
#田柾国新歌#🏅#田柾国绝对center# 【彩色相机】 231103    paulblancobain更新柾国相关快拍一则 稳定地书写历史中这张专辑是韩国需要感恩的一段历史🇰🇷（翻译：啃啃 转载请注明AzureJK） LAzureJK_田柾国不知岛的微博视频 ​,1
#田柾国新歌# 【中文翻译】STANDING NEXT TO YOU - 田柾国（英文歌词字幕）站在你身边请缓慢地弹奏我活跃这气氛 将奇迹赋予我(让你的身体知道）让它知道我们的一切动作由我们决定(你已经知道)你知道 我们整夜跟随这节奏尖叫着证明这份爱我们整夜跟随这节奏我尖叫着证明我们能经受住漫长 ​  展开c,0
#田柾国kpop世永一# 🐰#田柾国新歌# ✨Weverse Shop独家未公开小卡会代🥺 ✨请多多期待 ​,1
#田柾国将11月3日发行solo专辑#🍉#田柾国新歌# 231103 柾国专辑主打《Standing Next To You》Me—lon实降第一🔥前三占二🔥前五占四🔥‼️‼️柾国主打《Standing Next To You》空降Me—lon空降第一‼️‼️‼️‼️前三占二‼️‼️‼️‼️前五占四‼️‼️‼️‼️八首新歌全部空降前 ​  展开c,1
#田柾国新歌#人不要和好听的歌过不去，我的意思是田柾国新专非常值得一听，强烈推荐《yes or no》 ​,0
#田柾国新歌#非常牛的一次回归 ​,1
#田柾国新歌# 田柾国的音色拌鞋底都好听 ​,1
#田柾国新歌#全部都是神曲 给捞起跪了🧎喜欢yes or no🥹🥹 ​,1
#田柾国新歌#每首都好听！伟大的！ ​,0
#田柾国新歌# 全专都特别好听！！！走过路过不要错过 ​,1
好听好听好听都好听#田柾国新歌# #田柾国#,1
#田柾国新歌#这首太仙了 ​,1
#田柾国新歌#golden好好听谢谢柾国！就当是你送我的生日礼物啦！我超级无敌喜欢 ​,1
#田柾国新歌#hate you，shot glass of tears，yes or no，too sad to dance 都很绝 ​,0
#田柾国新歌# 支持我们小果果用心的专辑☺️ ​,1
#金莎新综艺和男友接吻镜头#金沙与男友首个合体综艺，金莎和男友真的好甜啊，可是他们外貌真的看不出差20岁，男帅女美真的好配。 L楠楠每天都要开心的微博视频 ​,1
#金莎新综艺和男友接吻镜头#金莎年轻的时候真的好美好纯，当然现在依旧也很美，希望姐姐能够幸福，上次看到路透男朋友小奶狗很帅 L盛世美颜是我脑婆的微博视频 ​,1
#金莎新综艺和男友接吻镜头#她是多少人心中的白月光啊 L娱圈熊熊的微博视频 ​,1
#金莎新综艺和男友接吻镜头#金莎和新男友一起上综艺，预告中接吻镜头好甜呀！隔着屏幕都感觉到恋爱的美好！你嗑了吗？ L鲜娱君的微博视频 ​,1
#金莎新综艺和男友接吻镜头#天哪，这个金莎男友今年才从上戏毕业，噢么，这不得不让人多想 #金莎与男友首个合体综艺# ​,1
#金莎新综艺和男友接吻镜头#爱是一眼万年，也是万千滋味。这一幕夕阳下的接吻镜头，好美好有氛围！ L双门一棵小趴菜的微博视频 ​,1
#金莎新综艺和男友接吻镜头##金莎新综艺和男友亲上了#这也太甜了吧，真心想亲自给金莎和她男朋友发证 ​​​,0
#金莎新综艺和男友接吻镜头#  比金莎还要激动呢，看到《爱的修学旅行》里接吻镜头，感觉金莎和男友都没我激动呢，我看的直接热血沸腾了 ​,0
#金莎新综艺和男友接吻镜头#这也太甜了吧，真心想亲自给金莎和她男朋友发证 ​,0
#爱的修学旅行定档1107# 看到这个接吻镜头的时候，都能够感受到那种成年人恋爱的之间的拉扯感，非常期待早一点看到这部综艺#金莎新综艺和男友接吻镜头# ​,1
#金莎新综艺和男友接吻镜头#金莎姐姐的歌很好听很喜欢 ​,1
#金莎新综艺和男友接吻镜头# 好甜啊,0
#金莎新综艺和男友接吻镜头#这不就是张雨绮二号吗？带男友出道 ​,1
#金莎新综艺和男友接吻镜头#哈哈哈，好甜，姐姐还是那么漂亮呀 ​,1
#黄景瑜再演刑警# 黄景瑜续《罚罪》后再演刑警，又可以看到制服瑜啦，不愧是娱乐圈服兵役的男人 预祝拍摄一切顺利，期待早日见面呀！ #网剧冬至# ​,1
#网剧冬至阵容官宣# #网剧冬至# 牵挂不停，念念不忘。江成屹来了。 ​​​,0
#黄景瑜再演刑警# 网剧冬至开机另一个视角 期待鲸🐟！ L娱乐圈浩哥的微博视频 ​,1
#黄景瑜再演刑警#如果他只能演一种角色，建议退圈吧，演员要为各种服务角色的 ​,1
#黄景瑜再演刑警#期待江成屹！@Johnny黄景瑜 ​,1
#黄景瑜再演刑警#hhh老大就是来娱乐圈服兵役的吧 ​,0
#黄景瑜再演刑警#黄景瑜啥角色都能演，啥类型的路都有哎，瞎逼逼叨叨的🍋精都退下吧，警察就要演！就要演！就要演！就要演！就要演！就要演！就要演！就要演！就要演！就要演！就要演！就要演！就要演！就要演！就要演！就要演！就要演！就要演！就要演！就要演！就要演！就要演！就要演！就要演！ ​  展开c,1
#黄景瑜再演刑警#咱这次可是有钱有女友还进了城的帅哥刑警江成屹，青春校园破镜重圆悬疑推理要啥有啥，就说故事性格背景不同谈不上舒适区，至于剧本如何演员自己决定争取，反正黄景瑜拍戏就是去工作上班，有些酸🐔想给自家在军警赛道要口饭可以自己努力，怎么天天一边嫌弃黄景瑜一边还要等着他吐出 ​  展开c,1
#黄景瑜再演刑警#好喜欢冬至好好拍！江成屹的制服图还没有发，默默期待一把 ​,1
#黄景瑜再演刑警#江成屹真帅 ​,0
#黄景瑜再演刑警#嚯！果然是在内娱服兵役的男人一把子期待住🙈 ​,1
黄景瑜#黄景瑜再演刑警#hjy#黄景瑜冬至# 这个冬天等《冬至》 祝《冬至》剧组开机大吉 拍摄顺利期待黄景瑜江成屹@Johnny黄景瑜 ​,1
【新连载回归】工藤新一（怪盗基德版）和白马探的首次会面 ​,1
#工藤新一和白马探的初次见面#  是这个画风吗 ​,0
#工藤新一和白马探的初次见面#只爱工藤新一 ​,0
#名侦探柯南# 名侦探柯南漫画1119话图透 白马探 工藤新一（怪盗基德假扮） 登场 #工藤新一和白马探的初次见面# ​,1
#工藤新一和白马探的初次见面#三年了基德大人又出场了还是假扮新一和白马探见面，所以斗子和白马探是从魔术快斗打到名侦探柯南了吗 ​,1
#工藤新一和白马探的初次见面#73这是终于想起要捞一捞掉线的角色了名柯F4（最新连载的漫画和新一是一个模子） ​,0
#工藤新一和白马探的初次见面#白马探你以前不长这样！ ​,0
#工藤新一和白马探的初次见面#我说73啊有没有一种可能白马探原本是长这样的？你要不要看看你现在画的是个啥 ​,1
#工藤新一和白马探的初次见面#你要不要看看之前的白马探长什么样 ​,1
#工藤新一和白马探的初次见面#丑了不如死了写死算了 ​,0
#工藤新一和白马探的初次见面# 动画版不要期待画风，懂得都懂 ​,1
#工藤新一和白马探的初次见面#73你要不卸笔别画了，你看看白马以前长什么样 ​,1
#工藤新一和白马探的初次见面#虽然还是基德披皮什么时候让真正的大男主露个面呢73你看看这张帅脸 ​,1
【#巡视组回应天津助学金事件#】近日，天津一高校学生发布多条网络视频，称在助学金评选中遭遇不公对待，引发大量网友关注。发布视频的学生称: 自己是孤儿，却在班内困难生助学金评定时落选，而评上的学生中有的平日有高消费行为。11月3日，河北广播电视台记者致电天津市委巡视八组了解最新情况，工作 ​  展开c,0
社会的进步体现在社会对公平公正的不断追求，希望我们的青年能够看到进步的希望,0
分享图片 ​,1
一名大学生走到举报老师这一步，该需要多大的勇气？…他不是勇敢才站出来的，他是不勇敢就不能生活#助学金事件当事人称已搬离宿舍# #巡视组回应天津助学金事件# L晓磊的微博视频 ​,0
#巡视组回应天津助学金事件#就算事情平息这孩子在这学校估计也待不下去大概率会处处受排挤 ​,0
【#巡视组回应天津助学金事件#】近日，天津一高校学生发布多条网络视频，称在助学金评选中遭遇不公对待，引发大量网友关注。发布视频的学生称: 自己是孤儿，却在班内困难生助学金评定时落选，而评上的学生中有的平日有高消费行为。11月3日，河北广播电视台记者致电天津市委巡视八组了解最新情况，工作 ​  展开c,0
#巡视组回应天津助学金事件#O网页链接 ​,1
#巡视组回应天津助学金事件#“他们根本不知道，我要的不是钱，是公道” ​,0
【#巡视组回应天津助学金事件#】近日，天津一高校学生发布多条网络视频，称在助学金评选中遭遇不公对待，引发大量网友关注。发布视频的学生称: 自己是孤儿，却在班内困难生助学金评定时落选，而评上的学生中有的平日有高消费行为。11月3日，河北广播电视台记者致电天津市委巡视八组了解最新情况，工作 ​  展开c,0
#巡视组回应天津助学金事件#​学校开始调查，确保救助每名困难学生。​建立举报机制，加强公开透明评审，让社会更加公正关爱。​公平是社会的基石，助学金分配岂能儿戏？​我们期待一个公正的社会，让每个人都能享有公平的机会。​让我们共同呼吁，让助学金分配更加公平透明！ ​,0
【#巡视组回应天津助学金事件#】近日，天津一高校学生发布多条网络视频，称在助学金评选中遭遇不公对待，引发大量网友关注。发布视频的学生称: 自己是孤儿，却在班内困难生助学金评定时落选，而评上的学生中有的平日有高消费行为。11月3日，河北广播电视台记者致电天津市委巡视八组了解最新情况，工作 ​  展开c,0
#巡视组回应天津助学金事件#11月2日据报道，“实名举报助学金被挤占”事件，天津市委巡视八组:已接到相关反映，当事人称已搬离宿舍。#聊聊身边事# L大连事儿哥的微博视频 ​,0
#巡视组回应天津助学金事件#当时我们班拿励志奖学金的，家境都是中等，拿去旅游买手机的都不少。反而我有个舍友家里挺困难，不好意思申请 ​,0
#白鹿姜珮瑶演闺蜜#白鹿姜珮瑶新剧演闺蜜，期待两位美女剧中的对手戏，毕若珊这个人设也蛮好的，妥妥助攻，你们今晚会去看这部剧吗 ​,1
#以爱为营今日开播# 时刻谨记❤拼才会⛺！！！#以爱为营全员营了个大动作# #以爱为营#  ​,0
#白鹿姜珮瑶演闺蜜# 姜珮瑶在《以爱为营》中饰演白鹿的闺蜜毕若珊，闺蜜专业户实锤了hhhh，新剧今晚开播，期待姜珮瑶的精彩演绎 ​,1
#白鹿姜珮瑶演闺蜜#姜珮瑶是国民闺蜜啊又是演闺蜜 ​,1
#姜珮瑶国民闺蜜##白鹿姜珮瑶演闺蜜# 姜珮瑶，偶像剧女主闺蜜专业户！ ​,0
#白鹿姜珮瑶演闺蜜#已经预感到播出后，会有艳压词条对比，两位都保重 ​,0
白鹿🦌#以爱为营 滤镜#🦌 #白鹿姜珮瑶演闺蜜# “机缘巧合”的遇见，是缘分的开始，大胆挑战是郑书意的风格，且看财经记者郑书意手握财经“笔”，如何记录财经“事”。今晚20:00🥭TV准时收看《以爱为营》，看看👀我的“意”中人@白鹿my #白鹿说公主请看剧# ​,1
#白鹿姜珮瑶演闺蜜#美女姐姐们期待期待 ​,1
#白鹿姜珮瑶演闺蜜#姜佩瑶专业闺蜜户哈哈哈哈 ​,1
#白鹿姜珮瑶演闺蜜#白鹿姜珮瑶新剧演闺蜜，期待两位美女剧中的对手戏 ​,1
公主，请看剧今晚8点，芒果TV，与郑书意@白鹿my “意”起追剧#白鹿姜珮瑶演闺蜜# ​,1
#白鹿姜珮瑶演闺蜜#姜佩瑶真的闺蜜专业户哈哈哈哈哈哈看过她在《亲爱的热爱的》里面佟年的好朋友亚亚，《你是我的城池营垒》米佧的好朋友夏夏 《爱情而已》里梁友安的好朋友罗念 ​,1
#贾玲又来支持张小斐了#宣传委员贾玲再次上线为《拯救嫌疑人》宣传打call啦！阿斐唱的电影推广曲超好听! 已经循环一上午啦！对我耳朵很好！#电影拯救嫌疑人# ​​​,0
阿斐又有新歌了！好听！！！,1
#贾玲又来支持张小斐了#两姐妹关系真的好，张小斐得奖的时候贾玲比张小斐还激动，贾玲听到的一瞬间就开心得要哭了，张小斐有新作品贾玲都会来支持，神仙闺蜜。 L楠楠每天都要开心的微博视频 ​,1
#贾玲又来支持张小斐了#  贾玲和张小斐之间的友谊备受关注，也成为了许多人心目中的榜样。希望她们的友谊能够一直持续下去，给更多的人带来正能量和温暖。,1
#贾玲又来支持张小斐了#羡慕这种姐妹（👩🏻‍👧🏻）情深也算是一种神仙组合了 ​,1
中国版《花束般的恋爱》要来了，又是翻拍。最近的电影是跟翻拍杠上了吗？都是翻拍，却闭口不提翻拍，没活了，其实可以不整。《拯救嫌疑人》翻拍自韩国的《七天》，评分7.5，《二手杰作》翻拍自美国的《世界上最伟大的父亲》，评分7.4。《无价之宝》翻拍自韩国电影《担保》，评分7.9，《瞒天过海 ​  展开c,1
姐妹友谊情深，相互扶持，相互成长！谢谢玲姐又来为咱斐@张小斐0110 新歌新电影宣传～#贾玲又来支持张小斐了#,1
#贾玲又来支持张小斐了#贾玲的宣传一直很用心。期待她们的新作！ ​,1
#贾玲又来支持张小斐了#自从看了《好事成双》就粉上张小斐了，感觉她挺好的，演的角色挺深入人心的。#张小斐好事成双# ​,1
#贾玲又来支持张小斐了#这俩姐妹真好啊，羡慕了！ ​,1
#贾玲又来支持张小斐了# 就冲着贾玲和张小斐的友谊我也得去听一下。 ​,1
第五人格现在开始签到，还有机会拿到“你号没了”的涂鸦吗 ​,1
第五人格上次返场已经有啦，所以就抽奖送出去两个涂鸦兑换码，另外这个活动今天第一天，大家完全可以签到自己领！    ​ O抽奖详情 ​,1
#第五人格##第五人格记忆余烬#超话签到活动进行中，【涂鸦】你号没了等奖励待你领取~ O《第五人格》3天签到礼包 ​,1
第五人格 蹲蹲你号没了涂鸦5r内收 ​,1
第五人格出一个你号没了涂鸦，录屏换，现码 ​,1
第五人格 收你号没了涂鸦 ​,1
第五人格诚收你号没了涂鸦。 ​,1
第五人格交易出你号没了涂鸦7r ​,1
第五人格交易 收一个你号没了涂鸦 ​,1
#第五人格 你号没了涂鸦#从今天开始签到7天就可以获得你号没了涂鸦！没必要花钱收啦 ​,1
第五人格 蹲一个你号没了涂鸦 ​,1
第五人格 3r收个你号没了涂鸦 ​,1
盘尼西林乐队剪影与三小只适配度拉满！《微博迎新之夜》阵容猜测时，网友辣评：“盲猜一下三小只”。幕后采访里这个网友的评论被正主本人回应了！“你们猜不出的三人组合一律按三小只处理是吧”！哈哈哈哈这不是还有我们滚圈三小只 盘尼西林 嘛~ ​,1
笑死我了，这也能看错呀，完全不一样吧,0
#盘尼西林 盲猜一下三小只# 是你们的十年，也是我们的十年，三小只现在虽然各自有不同的发展方向，但是三小只在我们心中是永远的青春记忆 ​,0
#盘尼西林 盲猜一下三小只#盘尼西林乐队剪影与三小只适配度拉满！ ​,1
#盘尼西林 盲猜一下三小只##微博迎新之夜# 青年总是以赤诚的热忱怀抱世界，以澄澈干净的目光眺望未来，梦想的航道就在前面，准备好即将起飞！@盘尼西林乐队 为大学生们送上真诚寄语，祝愿大家未来可期，追光而行～ ​,1
#盘尼西林 盲猜一下三小只#“你们猜不出的三人组合一律按三小只处理是吧！”哈哈哈哈哈哈 ​,1
#盘尼西林 盲猜一下三小只#网友辣评盘尼西林的微博迎新之夜剪影也太像三小只了吧！盘尼西林：猜不出来一律按三小只处理是吧。这也太幽默了！期待他们的表现！ L杭州校园的微博视频 ​,1
#盘尼西林 盲猜一下三小只# 微博迎新之夜阵容猜测环节，有网友评论：“盲猜一下三小只”。正主@盘尼西林乐队 本人回应了“你们猜不出的三人组合一律按三小只处理是吧”！ ​,1
#盘尼西林 盲猜一下三小只# “你们猜不出的三人组合一律按三小只处理是吧！”哈哈哈哈这不是还有我们滚圈三小只盘尼西林嘛 ​,0
#盘尼西林 盲猜一下三小只#《微博迎新之夜》阵容猜测时，网友辣评：“盲猜一下三小只”。你们猜不出的三人组合一律按三小只处理是吧”！这不是还有我们滚圈三小只@盘尼西林乐队 嘛 ​,1
#盘尼西林 盲猜一下三小只#微博迎新之夜阵容猜测时，网友辣评：“盲猜一下三小只”。幕后采访里这个网友的评论被正主本人回应了！“你们猜不出的三人组合一律按三小只处理是吧！哈哈哈哈还有我们滚圈“三小只”盘尼西林 ​,1
#杨幂黑天鹅红唇妆# 杨幂最新时尚大片来袭，黑天鹅红唇妆，高贵优雅幂幂的时尚表现力好强！今天也是被美幂狠狠美到的一天 ​,1
一根羽毛牵起了@杨幂 拍摄嘉人的回忆。勇往无前，忠于自我，所有的选择，从自我缘起，又终归于自我——时间的切面里，这就是她在2023年秋日的瞬息之间，呈现的成长片段。#杨幂嘉人十一月刊封面##杨幂自我成长大片#监制/MIX WEI @MixWei摄影/陈漫 @陈漫ChenMan造型/PUNKCHERRY  ​  展开c,1
杨幂#杨幂已退出嘉行股东# 共有从前，各有未来！现在的杨幂可以做自己喜欢做的事，演想演的角色和影视剧，反正杨幂会越来越好的！恭喜杨幂四登嘉人，#杨幂黑天鹅红唇妆# 表现力好绝！杨幂已退出嘉行股东 杨幂黑天鹅红唇妆 L杨小小怂song·的微博视频 ​,0
#杨幂已退出嘉行股东#🦊#杨幂黑天鹅红唇妆#“我的人生中少一个爱我的人，少一个骗我的人，都不会造就今天的我。”“你会在三十七岁拍到一部你非常想拍的戏，所以不管是现在被欺负的你也好，被夸的你也好，我都经历过了，希望你也享受这个过程。”我的小幂，我的关雪 L仓鼠嫁衣的微博视频 ​,1
#杨幂黑天鹅红唇妆##杨幂已退出嘉行股东# 嘉行别蹭，来看美女今天的高定刊🎉封面女王时尚排面拉满，内娱首位且唯一一位男刊大满贯女星，男刊女刊封面刷不停，内娱真六边形战士，真的slay L疯牙子·的微博视频 ​,1
我发现杨幂总能在陈漫的镜头下，显出自己本有但鲜活惊喜的更多面。内里大有妙处。我想说的是“显出”而不是“被挖掘”，因为杨幂自身的底色是丰富的，多变风格自然信手拈来。妙的是，每每二人合璧总能碰撞出一种能被大众欣赏的普适美。是樱花树下手握红伞的黑长直，是身穿高定的黑天鹅红唇，也是聚 ​  展开c,1
#杨幂黑天鹅红唇妆#好飒、好高级的美！！恭喜@杨幂 四登嘉人！ L烟巷雪莉的微博视频 ​,1
神明赐我心动一刻#杨幂黑天鹅红唇妆# ​,1
#杨幂嘉人十一月刊封面#📝勇往无前，忠于自我“选择成为这样的我”@杨幂  #杨幂黑天鹅红唇妆# ym#杨幂自我成长大片#  O杨幂：选择成为这样的我 ​,1
#杨幂黑天鹅红唇妆# 四登嘉人封面🈶️2023解锁15看封面，时尚幂还在继续#星姐微博# ​,1
杨幂#杨幂黑天鹅红唇妆##杨幂已退出嘉行股东# 幂幂丝丝诱惑 ​,0
#杨幂黑天鹅红唇妆#表现力绝了 ​,1
杨幂 杂志解锁三套高定，幂姐的美貌是值得逐帧细品的~ #杨幂##杨幂黑天鹅红唇妆##娱乐# L闲情心驿沾的微博视频 ​,1
杨幂对未知充满想象 #杨幂# 四登嘉人#杨幂嘉人十一月刊封面# #杨幂黑天鹅红唇妆# 一起期待美好的十一月吧 ​,1
同登上嘉人11月刊封面的「杨幂 刘诗诗」陈漫镜头下，关于妆容、珠宝与黑色礼服的三组特写#杨幂黑天鹅红唇妆#||#刘诗诗嘉人十一月刊封面# ​,1
杨幂#杨幂黑天鹅红唇妆# 幂幂姐永远让我心动💗 ​,0
为杨幂女士美貌买单#杨幂##杨幂黑天鹅红唇妆# ​,1
我投给了“#杨幂黑天鹅红唇妆#”~,1
#杨幂黑天鹅红唇妆#杨幂幂 ​,0
秦岚：我不太有综艺感我们可爱的电音朵拉多少对自己有点误解哈哈哈哈哈，采访的时候说自己不太有综艺感不擅长综艺，现在看来秦岚姐姐的综艺效果真的起飞#秦岚 我不太有综艺感# L芒果捞智多星的微博视频 ​,1
秦岚姐姐怕是对自己有什么误解吧，明明语出惊人，超级有梗，她居然说自己没有综艺感。,1
最近被这个女人迷坏了！她怎么可以这么漂亮！！！啊啊啊啊太喜欢了#秦岚 我不太有综艺感# L酒徒回来啦的微博视频 ​,1
没综艺感但是懂得怎么营销自从花少5开始播以后，她的rs就没有停过，今天这个明天那个生怕别人不知道她上综艺了#秦岚 我不太有综艺感# ​,1
#秦岚 我不太有综艺感#秦岚姐姐对自己认知不足，自己的个性就已经充满综艺感了电音朵拉火遍全网哈哈哈哈哈哈 L入赘小源家的微博视频 ​,1
#秦岚 我不太有综艺感#哈哈哈哈岚姐有点搞笑而不自知啊，我都笑劈叉了，秦岚嗓子都哑了还在搞笑 秦岚：听了我的哨子可别跑啊 L冲浪小鱼儿-的微博视频 ​,1
#秦岚 我不太有综艺感# 采访中“我不太有综艺感”，现实中：节目效果拉满 L潇骑校尉曹操的微博视频 ​,1
秦岚：谁是乌鸦，我是百灵鸟！这一季的花儿与少年，姐的朵拉电音出圈，她在节目里爆梗不断，跟辛芷蕾迪丽热巴胡先煦不要太搞笑了！#秦岚 我不太有综艺感# L小小燕大梦想的微博视频 ​,1
#秦岚 我不太有综艺感# 秦岚之前采访说自己不太适合上综艺…哈哈姐别闹！你特别适合！很有综艺感，浑身自带笑点，没有包袱。花少5很多名场面都是你贡献的啊！哈哈我的电音朵拉和百灵鸟！ ​,1
#秦岚 我不太有综艺感#秦岚好适合这种明艳风 L先锋大队长的后腿的微博视频 ​,1
#秦岚 我不太有综艺感#她真的好可爱啊，辛芷蕾在综艺里开玩笑说她是乌 鸦嘴，她立刻回我是百灵 鸟，爱笑性格简单的人真的挺适合综 艺的 L娱圈熊熊的微博视频 ​,1
#秦岚 我不太有综艺感#姐，相信自己！你有！绝对有！先导片开门见你说话就已经有综艺感了 ​,0
#秦岚 我不太有综艺感#哈哈哈哈哈电音朵拉真的好好笑 ​,1
#秦岚 我不太有综艺感# 姐姐是对自己有什么误解嘛，电音朵拉到现在看到我还是很想笑 ​,0
#秦岚 我不太有综艺感#哈哈哈哈哈哈哈，姐真的特别有综艺感 ​,1
#秦岚 我不太有综艺感#你猜我信不信姐 ​,0
#秦岚 我不太有综艺感#啊电音朵拉还没有综艺感吗 姐姐美丽又有趣 ​,1
#秦岚 我不太有综艺感# 秦岚对于上花少的看法⬇️2015年：我觉得我不适合真人秀，我没有参加真人秀的打算2023年：花少我来了，好开心，彻底玩疯了，绝对不让任何一句话掉地上ps：不过我们朵拉@秦岚 对自己的认知还是很清晰的，觉得自己很二 L寄个李子给山风的微博视频 ​,1
#杨紫说张小斐可以当歌手# 杨紫来给张小斐新片《拯救嫌疑人》宣传打call啦！小斐姐献唱的电影推广曲超好听! 影院里看起来啦#电影拯救嫌疑人# ​​​,1
支持小斐姐～ 一起去电影院看拯救嫌疑人！ 话说唱的真好听 可以当歌手咯！！棒棒哒！,0
系列入镜，与雪景同框。品牌代言人@杨紫 身着波司登经典系列，赴会雪之旅程。智暖科技碰撞羽绒美学，解锁更多低温环境，打卡冬日极致感受。#波司登五大经典系列重塑升级# #点亮全球至美雪景# #杨紫代言波司登# ​,1
#张小斐拯救嫌疑人推广曲释放#“人总会 欺负人 欺骗人人也会 利用人 安慰人”#电影拯救嫌疑人# 为爱拯救，释放真相！来听歌 L张小斐0110的微博视频 ​,0
#杨紫说张小斐可以当歌手# 祝张小斐电影大卖，期待杨紫电影《猎毒》上映女性视角的缉毒犯罪片 ✖️ 高燃刺激动作场面，想看杨紫饰演的缉毒女警骆佳与毒贩斗智斗勇。#elle风尚大典开始官宣了# L麦小姐的梳妆台的微博视频 ​,1
#杨紫说张小斐可以当歌手#yz #ELLE盛典内场嘉宾名单#宣传小能手杨紫上线啦一起期待杨紫今天的ELLE风尚大典！L奥奥后花园的微博视频 ​,1
杨紫#杨紫说张小斐可以当歌手#宣传委员上线，路人朋友们最近剧荒可以看杨紫长相思！演员杨紫的诚心之作#ELLE风尚大典开始官宣了# LOntarioAo_x的微博视频 ​,1
#杨紫说张小斐可以当歌手#杨紫张小斐互关，美女之间的互动，我喜欢 ​,1
支持小斐老师新电影话说，杨紫唱歌也很好听#杨紫说张小斐可以当歌手#LTao7小旎紫爱吃肉肉的微博视频 ​,1
#杨紫说张小斐可以当歌手# 歌手紫 综艺紫 红毯紫 我都爱 下午见@杨紫 L长腿柱的微博视频#ELLE风尚大典的女明星嘉宾# ​,1
#杨紫说张小斐可以当歌手#也想起来了杨紫大美女前不久在长相思庆典上的哽咽落泪唱歌 ，期待美女今天#ELLE盛典内场嘉宾名单# LDu_Mber小姐的微博视频 ​,1
#杨紫说张小斐可以当歌手#也想听杨紫唱歌，要久久爱插曲可以来一首。要久久爱已经下证了，什么时候可以抬上来，好想看杨紫黄瀛子。 L花开旎相惜的微博视频 ​,0
杨紫 /#杨紫说张小斐可以当歌手#杨紫你别说别人了你啥时候出专辑啊《几生欢》绝对可以做为专辑主打歌 L白夭夭亲妈小彭主任的微博视频 ​,1
#杨紫说张小斐可以当歌手#我的乖宝杨紫唱歌也很好听！又交到新朋友了，开心，祝张小斐姐姐电影票房大麦，期待杨紫#ELLE风尚大典开始官宣了#的表现L馒头好雪雪的微博视频 ​,1
#杨紫说张小斐可以当歌手# 有演员杨紫一口饭吃，就有歌手杨紫一口汤喝。杨紫老师我在等你的演唱会哈哈。 ​,1
#杨紫说张小斐可以当歌手#宣传紫上线了，骆佳什么时候来呢，期待杨紫的猎毒 ​,1
#杨紫说张小斐可以当歌手#她为张小斐的新片打caII，话说她的电影压了好几年了，什么时候上啊，剧压电影也压，剧还上不了星，一上星就0.1收视率，网剧吹火没用，一上星cvb就露馅 ​,0
杨紫#杨紫说张小斐可以当歌手#我觉得你俩都可以当歌手 ​,1
杨紫#杨紫说张小斐可以当歌手#yz#杨紫长相思# 遇见你的时间正好 ，喜欢上你的时刻刚好，你的一切总是那么刚刚好。杨紫因喜欢你，借你的光，看见了以前未见过的世界，所有的一切总是那么美好！@杨紫 ​,1
杨紫#杨紫小夭# yz#杨紫说张小斐可以当歌手# 小夭可爱鼠了爱小夭 爱小夭 爱小夭长相思 待相见 ​,1
#杨紫说张小斐可以当歌手#你也可以的，我看别人说，有演员杨紫一口吃的就有歌手杨紫一口喝的 ​,1
杨紫#杨紫说张小斐可以当歌手# #杨紫小夭# 与春风皆过客，携秋水揽星河。你是我明目张胆的偏爱！@杨紫 ​,0
【#胎儿脐带绕颈能顺产吗#】 据医学博主@许啸声医师 科普，很多宝妈好奇脐带绕颈一周能不能顺产？其实脐带绕颈是产科中的非常常见的问题，而且脐带绕颈它也不是剖腹产的指征，所以脐带绕颈一周到两周的话，还是能按照产妇的意愿进行顺产。那脐带绕颈对宝宝有什么影响呢？一般来说呢被脐带绕颈的胎儿， ​  展开c,0
#孕期知识##女性健康必修课##让她健康# 很多宝妈好奇脐带绕颈一周能不能顺产？其实脐带绕颈是产科中的非常常见的问题，而且脐带绕颈它也不是剖腹产的指征，所以脐带绕颈一周到两周的话，还是能按照产妇的意愿进行顺产。那脐带绕颈对宝宝有什么影响呢？一般来说呢被脐带绕颈的胎儿，他的压迫程度是比 ​  展开c,0
#无痛分娩的普及到底难在哪#无痛分娩也叫做分娩镇痛，包括非药物性镇痛和药物性镇痛两大类。非药物性镇痛包括精神安慰法、呼吸法、水中分娩等，药物性镇痛包括肌注镇痛药物法、椎管内分娩镇痛法等。分娩镇痛是一项在一些国家已占90%以上的成熟技术，在我国还没有大范围的推广，这使得不少麻麻们仍 ​  展开c,0
【#产妇大出血近8000毫升医护抢救7小时#，成功跑赢死神！】10月31日，山西太原。33岁产妇深夜产后大出血近8000毫升，情况危急，医院迅速调集所有力量，院长更是坐镇跨院“摇人”抢救。视频中医护人员在耐心的和产妇家属说明情况，经过7个小时的抢救，能请过来的医生专家全部被请过来了，目前产妇的情况 ​  展开c,0
科普少女｜给初次怀孕的姐妹，一些超实用的小建议！！ ​,1
【#一份超实用怀孕备忘录#】如果让你#给初次怀孕的姐妹的小建议#，你会说什么？孕妇从怀孕之初开始，身体的每个器官无时无刻都在变化，肌肉和关节在移动、挤压，心脏跳动的节奏加快，血液咆哮着流过动脉和静脉。怀胎十月，孕妈们“痛并快乐着”，安全平稳度过孕期是每个孕妈妈的心愿。孕期各阶段要补充 ​  展开c,0
【准妈准爸看过来！九图回答科学分娩那些事】女子本弱，为母则刚。怀胎十月，从第一次感受到胎动，到临产时迎接小生命，个中的艰辛和曲折，经历过才能懂。如何做产检？高龄产妇必须选择剖腹产？哪些情况需要剖腹产？如何缓解分娩镇痛？九问九答↓↓告诉你分娩那些事。转给身边的新手爸妈！  ​  展开c,0
#胎儿脐带绕颈能顺产吗#要看绕了多少圈，还要看分娩过程中有没有胎心变化来决定，不能一概而论 L不下一百斤不改名的芙蓉糕的微博视频 ​,0
#胎儿脐带绕颈能顺产吗# 按时孕检 一切听取医生的  相信医生 ​,0
#胎儿脐带绕颈能顺产吗#这我有发言权，生娃当天，内检的时候医生把羊水弄破了，也没要求做b超，直接去产房生产，医生刚带上手套，娃就生出来了，脐带绕颈一圈，亏得医生反应快，直接给取掉了。娃无恙。这要在我们这，直接吓唬你刨腹产去 ​,0
#胎儿脐带绕颈能顺产吗#可以啊，而且之前查出来绕颈，后面可能会绕出来，我两个都是这样，每个人的情况不一样吧 ​,0
剪脐带会疼吗？这是不少孕妈妈们所担心的。但其实脐带是由两个血管和一条神经组成的，这些组织对疼痛并不敏感。当医生剪断脐带时，母体和胎儿的神经连接已经被切断，所以并不会感到疼痛。实际上，剪脐带时妈妈们可能只会感觉到肚子被轻压或拉扯的感觉。在宝宝出生后，医生会进行一些必要的处理，包括结 ​  展开c,0
很多人误以为肚脐眼是剪脐带所留下的伤疤，其实不然。在胎儿出生前，脐带连接母体和胎儿，为胎儿提供营养和氧气。当胎儿出生后，医生会剪断脐带，留下的是肚脐眼。随着时间的推移，肚脐眼周围的皮肤逐渐生长，将伤口覆盖，就形成我们现在看到的肚脐眼。#胎儿脐带绕颈能顺产吗# ​,0
#胎儿脐带绕颈能顺产吗#这个生的时候医生会给你科普 ​,0
#胎儿脐带绕颈能顺产吗#可以顺产，我家老二就是脐带绕颈一圈我顺产的，风险就是可能会缺氧，如果感受到胎儿的胎动减少的话，还是要尽快就医。我当年就是胎儿缺氧住院一周才顺产的 ​,0
#胎儿脐带绕颈能顺产吗#脐带绕颈顺产需具体情况具体分析：1. 能顺产：若脐带绕颈够长、松且胎儿无缺氧症状，则可以顺产。2. 不能顺产：若脐带绕颈圈数多且紧、脐带过短，可能导致胎儿缺氧，需采取剖宫产分娩。3. 脐带绕颈多数情况下不会对胎儿造成伤害，但需密切监测胎动和胎心，若出现异常情况及 ​  展开c,0
【#24岁小伙白天备战考研晚上送餐#，只复习没经济来源】#送外卖的考研人# 24岁小伙陈为愆毕业后选择回家考研，为了减轻生活压力选择白天备考晚上送外卖。为了保证自己的学习节奏不被打乱，陈为愆只能选择每天的晚上八点到凌晨两点送餐。但是由于身处小城市加上夜晚送餐，陈为愆每天送餐五六个小时却只 ​  展开c,0
他真的有很努力的在生活了 希望生活也不要亏待他,1
#送外卖的考研人#我就很不理解，为什么要这样？如果读研是你的梦想，你就踏踏实实送一年外卖，有经济上的支撑你再去考。这样两线作战，你钱也挣不到，而且很可能还考不上。大部分的普通人，精力根本支持不了同时做两件事，除了最后自己感动自己：我努力过了，没有遗憾了。 ​,0
【#24岁小伙白天备战考研晚上送餐#，只复习没经济来源】#送外卖的考研人# 24岁小伙陈为愆毕业后选择回家考研，为了减轻生活压力选择白天备考晚上送外卖。为了保证自己的学习节奏不被打乱，陈为愆只能选择每天的晚上八点到凌晨两点送餐。但是由于身处小城市加上夜晚送餐，陈为愆每天送餐五六个小时却只 ​  展开c,0
【#24岁小伙白天备战考研晚上送餐#，只复习没经济来源】#送外卖的考研人# 24岁小伙陈为愆毕业后选择回家考研，为了减轻生活压力选择白天备考晚上送外卖。为了保证自己的学习节奏不被打乱，陈为愆只能选择每天的晚上八点到凌晨两点送餐。但是由于身处小城市加上夜晚送餐，陈为愆每天送餐五六个小时却只 ​  展开c,0
#送外卖的考研人#不管如何 祝福每一个勇敢追梦的人 ​,1
#送外卖的考研人#谁不是一样呢，今年不知道能不能考得上。 ​,0
#送外卖的考研人#我的天。太辛苦了。一定能实现梦想，加油啊 ​,1
#送外卖的考研人#研究生期间你该了解的事：①如果只把读研当缓解就业压力的避风港，就太对不起考研付出的努力了；②学会如何学习最重要；③认真对待每次论文，它不仅训练表达能力，更是训练思维逻辑；④不要因为别人左右自己的内心，安心读书、潜心学术，即使最后你不选择学术道路，也会很有收获。更多 ​  展开c,0
#塞尔达传说#命运还没降临，一切尚未发生。 ​,0
开心，太太也在玩塞尔达，呜呜呜太好玩了,1
好看好看！！感恩劳斯来了海拉鲁,1
宝宝们你们为什么要分离(Ｔ＿Ｔ),0
我好幸福，天天有粮吃,1
旁边是公主！你小子在看蝴蝶还是公主呢| ･ω･ ),1
【“他叫我来我才来！”#大妈独闯京城称赴约男明星要民警带路#】10月29日17时30分，李大妈从大兴机场下飞机后，乘坐机场快轨到达地铁草桥站，称在网上与某知名男演员聊得很好，特意前来“奔现”，因不知道对方住处，想请@北京公交警方 民警朱连强帮忙带路。经询问，朱连强发现李大妈被骗，民警劝诫后又 ​  展开c,0
【“他叫我来我才来！”#大妈独闯京城称赴约男明星要民警带路#】10月29日17时30分，李大妈从大兴机场下飞机后，乘坐机场快轨到达地铁草桥站，称在网上与某知名男演员聊得很好，特意前来“奔现”，因不知道对方住处，想请@北京公交警方 民警朱连强帮忙带路。经询问，朱连强发现李大妈被骗，民警劝诫后又 ​  展开c,0
【“他叫我来我才来！”#大妈独闯京城称赴约男明星要民警带路#】#950大眼睛# 10月29日17时30分，李大妈从大兴机场下飞机后，乘坐机场快轨到达地铁草桥站，称在网上与某知名男演员聊得很好，特意前来“奔现”，因不知道对方住处，想请@北京公交警方 民警朱连强帮忙带路。经询问，朱连强发现李大妈被骗 ​  展开c,0
#大妈独闯京城称赴约男明星要民警带路#追星需谨慎！谨防这几类冒充明星诈骗常见套路！ ​,1
【“他叫我来我才来！”#大妈独闯京城称赴约男明星要民警带路#】10月29日17时30分，李大妈从大兴机场下飞机后，乘坐机场快轨到达地铁草桥站，称在网上与某知名男演员聊的很好，特意前来“奔现”，因不知道对方住处，想请@北京公交警方 民警朱连强帮忙带路。经询问，朱连强发现李大妈被骗，民警劝诫后又 ​  展开c,0
#大妈独闯京城称赴约男明星要民警带路# 难道又是“靳东” ​,0
#大妈独闯京城称赴约男明星要民警带路#遇事找民警，没错了！ ​,0
【“他叫我来我才来！”#大妈独闯京城称赴约男明星要民警带路#】大妈真执着，还知道找不到明星让警察帮忙找 ​,0
【“他叫我来我才来！”#大妈独闯京城称赴约男明星要民警带路#】10月29日17时30分，李大妈从大兴机场下飞机后，乘坐机场快轨到达地铁草桥站，称在网上与某知名男演员聊得很好，特意前来“奔现”，因不知道对方住处，想请@北京公交警方 民警朱连强帮忙带路。经询问，朱连强发现李大妈被骗，民警劝诫后又 ​  展开c,0
【“他叫我来我才来！”#大妈独闯京城称赴约男明星要民警带路#】10月29日17时30分，李大妈从大兴机场下飞机后，乘坐机场快轨到达地铁草桥站，称在网上与某知名男演员聊得很好，特意前来“奔现”，因不知道对方住处，想请@北京公交警方 民警朱连强帮忙带路。经询问，朱连强发现李大妈被骗，民警劝诫后又 ​  展开c,0
#马龙又被球打到了# 现场视角再来回看下龙队和阿萨尔的“争议”回合~龙队静静看着阿萨尔和裁判交流，重点来听听裁判怎么说的阿萨尔：这球有可能上台裁判：9-5阿萨尔：我不是和你争辩，但确实有可能的裁判：我已经做出判罚，请继续比赛#马龙回应争议球##马龙3比0阿萨尔# L咪咕体育的微博视频 ​,0
#马龙3比0阿萨尔#马龙又被球打到了，这个球即使不打到龙队，也是落到桌外，龙队还是有礼貌的挥手致歉。#马龙又被球打到了#  | #马龙回应争议球# L麦子哥哥QaQ的微博视频 ​,0
#马龙回应争议球#乒乓球WTT冠军赛法兰克福站继续进行，男单八强诞生，国乒2胜2负，马龙、王楚钦晋级！其中马龙3-0横扫阿萨尔，埃及选手阿萨尔实力不错，在非洲乒坛算是仅次于阿鲁纳的高手，上一轮就淘汰了瑞典名将卡尔伯格，面对状态在线的马龙，真的找不到任何机会！马龙:第二局9-6那个球有点争议 ​  展开c,1
#马龙回应争议球#这有什么争议的？视频清清楚楚显示这球砸到马龙脖子前轨迹已经明显出台了，都不是碰到胳膊是砸到脖子了，脖子难道是在球台范围里嘛？@WTT世界乒联 一个官方平台，怎么还剪视频强行争议仿佛没看过球一样？马龙格局大没多去争论，自己站在球台侧又没躺球台上，有些人硬说可能上台这是心 ​  展开c,0
#马龙又被球打到了# 在马龙3-0战胜阿萨尔的比赛中，第二盘最后阶段出现了小小的争议龙队正手暴挑，阿萨尔回了个半机会球打到龙队脖子没有上台，裁判认定马龙得分，而阿萨尔有不同意见，一直在和裁判交流赛后龙队在接受采访时也回应称，自己在球台侧面，对手认为这个球不碰到的话还有机会，但这就 ​  展开c,0
#马龙回应争议球##马龙3比0阿萨尔#  男单1/8，马龙3-0战胜奥马尔·阿萨尔，顺利晋级八强 L白头哥聊足球的微博视频 ​,1
#马龙回应争议球#看过比赛or比赛回放or仅仅那一段视频就知道，天王老子来了那个球也上不了台。事实是没有争议。进这个词条看热闹的各位只需要记住四个字：马龙赢了 ​,0
#马龙回应争议球#争议就是阿萨尔有点赖，没什么好争议的 ​,0
#马龙回应争议球#之后第三局这哥们还有在关键分的时候马龙发球明明没擦网，打了几个回合突然示意要重发的。裁判也不知道为啥反应慢半拍还说:“net”（擦网），马龙也一点没计较，让让他就让让他吧，裁判说啥就是啥，重发就重发吧，这重发还是拿下了。赛后采访知道自己赖，想打乱节奏影响马龙心情自己就 ​  展开c,0
#马龙回应争议球#我以为就差这一分就可以赢了龙队，所以有争议 ​,0
#马龙回应争议球#我觉得大家说得很对，尊重裁判，裁判说没问题就没问题，说没犯规就没犯规，说没遮挡就没遮挡记住再质疑裁判、无视裁判、觉得裁判包庇非要给运动员扣帽子的都是啥杯哦 ​,0
#马龙回应争议球#wtt不仅比赛办不好，球也看不懂啊什么时候倒闭@WTT世界乒联 ​,0
#马龙回应争议球# WTT不仅比赛办不好，球也看不懂呢，赛后为何发这样模棱两可的视频，真的别太见啊@WTT世界乒联,0
